"doy","thermocline","depth","lake","year","source"
138,"ZT1a",1.33994413407821,"Paul",2018,"tchain"
138,"ZT1b",2.35766569071067,"Paul",2018,"tchain"
138,"ZT2",1.5,"Paul",2018,"tchain"
139,"ZT1a",1.31231839730846,"Paul",2018,"tchain"
139,"ZT1b",2.4514312529329,"Paul",2018,"tchain"
139,"ZT2",1.5,"Paul",2018,"tchain"
140,"ZT1a",1.58507625272331,"Paul",2018,"tchain"
140,"ZT1b",2.57629475147723,"Paul",2018,"tchain"
140,"ZT2",1.5,"Paul",2018,"tchain"
141,"ZT1a",1.56675170068027,"Paul",2018,"tchain"
141,"ZT1b",2.6497475658132,"Paul",2018,"tchain"
141,"ZT2",1.5,"Paul",2018,"tchain"
142,"ZT1a",1.47289218191109,"Paul",2018,"tchain"
142,"ZT1b",2.69734299516908,"Paul",2018,"tchain"
142,"ZT2",1.5,"Paul",2018,"tchain"
143,"ZT1a",1.35331571359923,"Paul",2018,"tchain"
143,"ZT1b",2.71778998324334,"Paul",2018,"tchain"
143,"ZT2",1.5,"Paul",2018,"tchain"
144,"ZT1a",1.24307201458523,"Paul",2018,"tchain"
144,"ZT1b",2.73240206800557,"Paul",2018,"tchain"
144,"ZT2",1.5,"Paul",2018,"tchain"
145,"ZT1a",1.11957649092481,"Paul",2018,"tchain"
145,"ZT1b",2.85516113399564,"Paul",2018,"tchain"
145,"ZT2",1,"Paul",2018,"tchain"
146,"ZT1a",0.968562195260233,"Paul",2018,"tchain"
146,"ZT1b",2.89565078008121,"Paul",2018,"tchain"
146,"ZT2",1,"Paul",2018,"tchain"
147,"ZT1a",0.78894802755166,"Paul",2018,"tchain"
147,"ZT1b",2.94419237749546,"Paul",2018,"tchain"
147,"ZT2",1,"Paul",2018,"tchain"
148,"ZT1a",0.892405063291139,"Paul",2018,"tchain"
148,"ZT1b",2.98334828436869,"Paul",2018,"tchain"
148,"ZT2",1,"Paul",2018,"tchain"
149,"ZT1a",0.895879370856623,"Paul",2018,"tchain"
149,"ZT1b",3.03566316793893,"Paul",2018,"tchain"
149,"ZT2",1,"Paul",2018,"tchain"
150,"ZT1a",0.969032291558509,"Paul",2018,"tchain"
150,"ZT1b",3.06504775215467,"Paul",2018,"tchain"
150,"ZT2",1,"Paul",2018,"tchain"
151,"ZT1a",1.08561552825003,"Paul",2018,"tchain"
151,"ZT1b",3.08917649284318,"Paul",2018,"tchain"
151,"ZT2",1,"Paul",2018,"tchain"
152,"ZT1a",1.43978574418693,"Paul",2018,"tchain"
152,"ZT1b",3.12902450744834,"Paul",2018,"tchain"
152,"ZT2",1.5,"Paul",2018,"tchain"
153,"ZT1a",1.6235426350682,"Paul",2018,"tchain"
153,"ZT1b",3.16499522445081,"Paul",2018,"tchain"
153,"ZT2",1.5,"Paul",2018,"tchain"
154,"ZT1a",1.68629798835753,"Paul",2018,"tchain"
154,"ZT1b",3.20144578313253,"Paul",2018,"tchain"
154,"ZT2",1.5,"Paul",2018,"tchain"
155,"ZT1a",1.98290490059516,"Paul",2018,"tchain"
155,"ZT1b",3.22391706286318,"Paul",2018,"tchain"
155,"ZT2",2,"Paul",2018,"tchain"
156,"ZT1a",2.05304262383953,"Paul",2018,"tchain"
156,"ZT1b",3.23661398749853,"Paul",2018,"tchain"
156,"ZT2",2,"Paul",2018,"tchain"
157,"ZT1a",2.08827861952862,"Paul",2018,"tchain"
157,"ZT1b",3.30333911535126,"Paul",2018,"tchain"
157,"ZT2",2,"Paul",2018,"tchain"
158,"ZT1a",2.1370099923136,"Paul",2018,"tchain"
158,"ZT1b",3.34084426697091,"Paul",2018,"tchain"
158,"ZT2",2,"Paul",2018,"tchain"
159,"ZT1a",2.12735849056604,"Paul",2018,"tchain"
159,"ZT1b",3.40030336458908,"Paul",2018,"tchain"
159,"ZT2",2,"Paul",2018,"tchain"
160,"ZT1a",2.11106669712197,"Paul",2018,"tchain"
160,"ZT1b",3.43746601413812,"Paul",2018,"tchain"
160,"ZT2",2,"Paul",2018,"tchain"
161,"ZT1a",2.09518019013929,"Paul",2018,"tchain"
161,"ZT1b",3.46430540242558,"Paul",2018,"tchain"
161,"ZT2",2,"Paul",2018,"tchain"
162,"ZT1a",2.05003337412393,"Paul",2018,"tchain"
162,"ZT1b",3.51411794102949,"Paul",2018,"tchain"
162,"ZT2",2,"Paul",2018,"tchain"
163,"ZT1a",1.98617949078633,"Paul",2018,"tchain"
163,"ZT1b",3.54474257695451,"Paul",2018,"tchain"
163,"ZT2",2,"Paul",2018,"tchain"
164,"ZT1a",1.95932371250707,"Paul",2018,"tchain"
164,"ZT1b",3.60078162008527,"Paul",2018,"tchain"
164,"ZT2",2,"Paul",2018,"tchain"
165,"ZT1a",1.95179155065973,"Paul",2018,"tchain"
165,"ZT1b",3.62945568400771,"Paul",2018,"tchain"
165,"ZT2",2,"Paul",2018,"tchain"
166,"ZT1a",2.09508130081301,"Paul",2018,"tchain"
166,"ZT1b",3.6872516943211,"Paul",2018,"tchain"
166,"ZT2",2,"Paul",2018,"tchain"
167,"ZT1a",2.26654358875995,"Paul",2018,"tchain"
167,"ZT1b",3.70342599366008,"Paul",2018,"tchain"
167,"ZT2",2.5,"Paul",2018,"tchain"
168,"ZT1a",2.27724299065421,"Paul",2018,"tchain"
168,"ZT1b",3.74577498792854,"Paul",2018,"tchain"
168,"ZT2",2.5,"Paul",2018,"tchain"
169,"ZT1a",2.27919054441261,"Paul",2018,"tchain"
169,"ZT1b",3.76993817619784,"Paul",2018,"tchain"
169,"ZT2",2.5,"Paul",2018,"tchain"
170,"ZT1a",2.17687666189405,"Paul",2018,"tchain"
170,"ZT1b",3.78168546781685,"Paul",2018,"tchain"
170,"ZT2",2.5,"Paul",2018,"tchain"
171,"ZT1a",2.07913890944979,"Paul",2018,"tchain"
171,"ZT1b",3.81578947368421,"Paul",2018,"tchain"
171,"ZT2",2.5,"Paul",2018,"tchain"
172,"ZT1a",2.03129535558781,"Paul",2018,"tchain"
172,"ZT1b",3.84224385572933,"Paul",2018,"tchain"
172,"ZT2",2.5,"Paul",2018,"tchain"
173,"ZT1a",2.0263619201726,"Paul",2018,"tchain"
173,"ZT1b",3.85180122225796,"Paul",2018,"tchain"
173,"ZT2",2,"Paul",2018,"tchain"
174,"ZT1a",1.99883693188596,"Paul",2018,"tchain"
174,"ZT1b",3.88579622132254,"Paul",2018,"tchain"
174,"ZT2",2,"Paul",2018,"tchain"
175,"ZT1a",2.02236500402973,"Paul",2018,"tchain"
175,"ZT1b",3.92131340275445,"Paul",2018,"tchain"
175,"ZT2",2,"Paul",2018,"tchain"
176,"ZT1a",2.1141072239891,"Paul",2018,"tchain"
176,"ZT1b",3.95347744360902,"Paul",2018,"tchain"
176,"ZT2",2,"Paul",2018,"tchain"
177,"ZT1a",2.11715414660732,"Paul",2018,"tchain"
177,"ZT1b",3.96595670391061,"Paul",2018,"tchain"
177,"ZT2",2,"Paul",2018,"tchain"
178,"ZT1a",2.11793124944341,"Paul",2018,"tchain"
178,"ZT1b",3.98915237134208,"Paul",2018,"tchain"
178,"ZT2",2,"Paul",2018,"tchain"
179,"ZT1a",2.10628291948834,"Paul",2018,"tchain"
179,"ZT1b",4.02202527202527,"Paul",2018,"tchain"
179,"ZT2",2,"Paul",2018,"tchain"
180,"ZT1a",2.0777699695479,"Paul",2018,"tchain"
180,"ZT1b",4.03821900953553,"Paul",2018,"tchain"
180,"ZT2",2,"Paul",2018,"tchain"
181,"ZT1a",2.02151022864019,"Paul",2018,"tchain"
181,"ZT1b",4.06652144772118,"Paul",2018,"tchain"
181,"ZT2",2.5,"Paul",2018,"tchain"
182,"ZT1a",1.98046794475366,"Paul",2018,"tchain"
182,"ZT1b",4.12882352941176,"Paul",2018,"tchain"
182,"ZT2",2.5,"Paul",2018,"tchain"
183,"ZT1a",2.11718355972337,"Paul",2018,"tchain"
183,"ZT1b",4.14725753844106,"Paul",2018,"tchain"
183,"ZT2",2,"Paul",2018,"tchain"
184,"ZT1a",2.06790549662488,"Paul",2018,"tchain"
184,"ZT1b",4.16625115605774,"Paul",2018,"tchain"
184,"ZT2",2,"Paul",2018,"tchain"
185,"ZT1a",2.06735033259424,"Paul",2018,"tchain"
185,"ZT1b",4.21043538355218,"Paul",2018,"tchain"
185,"ZT2",2,"Paul",2018,"tchain"
186,"ZT1a",2.03869538334707,"Paul",2018,"tchain"
186,"ZT1b",4.22482517482517,"Paul",2018,"tchain"
186,"ZT2",2,"Paul",2018,"tchain"
187,"ZT1a",2.13795870564761,"Paul",2018,"tchain"
187,"ZT1b",4.2572531586336,"Paul",2018,"tchain"
187,"ZT2",2,"Paul",2018,"tchain"
188,"ZT1a",2.18582594842179,"Paul",2018,"tchain"
188,"ZT1b",4.2932645034415,"Paul",2018,"tchain"
188,"ZT2",2.5,"Paul",2018,"tchain"
189,"ZT1a",2.30546341774574,"Paul",2018,"tchain"
189,"ZT1b",4.32425522454424,"Paul",2018,"tchain"
189,"ZT2",2.5,"Paul",2018,"tchain"
190,"ZT1a",2.26567793555828,"Paul",2018,"tchain"
190,"ZT1b",4.36764705882353,"Paul",2018,"tchain"
190,"ZT2",2.5,"Paul",2018,"tchain"
191,"ZT1a",0,"Paul",2018,"tchain"
191,"ZT1b",0,"Paul",2018,"tchain"
191,"ZT2",2.5,"Paul",2018,"tchain"
192,"ZT1a",0,"Paul",2018,"tchain"
192,"ZT1b",0,"Paul",2018,"tchain"
192,"ZT2",2.5,"Paul",2018,"tchain"
193,"ZT1a",0,"Paul",2018,"tchain"
193,"ZT1b",0,"Paul",2018,"tchain"
193,"ZT2",2.5,"Paul",2018,"tchain"
194,"ZT1a",0,"Paul",2018,"tchain"
194,"ZT1b",0,"Paul",2018,"tchain"
194,"ZT2",2.5,"Paul",2018,"tchain"
195,"ZT1a",0,"Paul",2018,"tchain"
195,"ZT1b",0,"Paul",2018,"tchain"
195,"ZT2",2.5,"Paul",2018,"tchain"
196,"ZT1a",0,"Paul",2018,"tchain"
196,"ZT1b",0,"Paul",2018,"tchain"
196,"ZT2",2.5,"Paul",2018,"tchain"
197,"ZT1a",0,"Paul",2018,"tchain"
197,"ZT1b",0,"Paul",2018,"tchain"
197,"ZT2",2.5,"Paul",2018,"tchain"
198,"ZT1a",0,"Paul",2018,"tchain"
198,"ZT1b",0,"Paul",2018,"tchain"
198,"ZT2",2.5,"Paul",2018,"tchain"
199,"ZT1a",0,"Paul",2018,"tchain"
199,"ZT1b",0,"Paul",2018,"tchain"
199,"ZT2",2.5,"Paul",2018,"tchain"
200,"ZT1a",0,"Paul",2018,"tchain"
200,"ZT1b",0,"Paul",2018,"tchain"
200,"ZT2",2.5,"Paul",2018,"tchain"
201,"ZT1a",0,"Paul",2018,"tchain"
201,"ZT1b",0,"Paul",2018,"tchain"
201,"ZT2",2.5,"Paul",2018,"tchain"
202,"ZT1a",0,"Paul",2018,"tchain"
202,"ZT1b",0,"Paul",2018,"tchain"
202,"ZT2",2.5,"Paul",2018,"tchain"
203,"ZT1a",0,"Paul",2018,"tchain"
203,"ZT1b",0,"Paul",2018,"tchain"
203,"ZT2",3,"Paul",2018,"tchain"
204,"ZT1a",0,"Paul",2018,"tchain"
204,"ZT1b",0,"Paul",2018,"tchain"
204,"ZT2",3,"Paul",2018,"tchain"
205,"ZT1a",2.82941922505029,"Paul",2018,"tchain"
205,"ZT1b",2.82941922505029,"Paul",2018,"tchain"
205,"ZT2",3,"Paul",2018,"tchain"
206,"ZT1a",2.78646176940214,"Paul",2018,"tchain"
206,"ZT1b",2.78646176940214,"Paul",2018,"tchain"
206,"ZT2",3,"Paul",2018,"tchain"
207,"ZT1a",2.79239243280655,"Paul",2018,"tchain"
207,"ZT1b",2.79239243280655,"Paul",2018,"tchain"
207,"ZT2",2.5,"Paul",2018,"tchain"
208,"ZT1a",2.94161928146808,"Paul",2018,"tchain"
208,"ZT1b",2.94161928146808,"Paul",2018,"tchain"
208,"ZT2",3,"Paul",2018,"tchain"
209,"ZT1a",2.99696842358026,"Paul",2018,"tchain"
209,"ZT1b",2.99696842358026,"Paul",2018,"tchain"
209,"ZT2",3,"Paul",2018,"tchain"
210,"ZT1a",2.99356992269852,"Paul",2018,"tchain"
210,"ZT1b",2.99356992269852,"Paul",2018,"tchain"
210,"ZT2",3,"Paul",2018,"tchain"
211,"ZT1a",2.98027555874697,"Paul",2018,"tchain"
211,"ZT1b",2.98027555874697,"Paul",2018,"tchain"
211,"ZT2",3,"Paul",2018,"tchain"
212,"ZT1a",2.95955207771182,"Paul",2018,"tchain"
212,"ZT1b",2.95955207771182,"Paul",2018,"tchain"
212,"ZT2",3,"Paul",2018,"tchain"
213,"ZT1a",2.95205850487541,"Paul",2018,"tchain"
213,"ZT1b",2.95205850487541,"Paul",2018,"tchain"
213,"ZT2",3,"Paul",2018,"tchain"
214,"ZT1a",3.03091900311526,"Paul",2018,"tchain"
214,"ZT1b",3.03091900311526,"Paul",2018,"tchain"
214,"ZT2",3,"Paul",2018,"tchain"
215,"ZT1a",3.11059986366735,"Paul",2018,"tchain"
215,"ZT1b",3.11059986366735,"Paul",2018,"tchain"
215,"ZT2",3,"Paul",2018,"tchain"
216,"ZT1a",3.14378509565052,"Paul",2018,"tchain"
216,"ZT1b",3.14378509565052,"Paul",2018,"tchain"
216,"ZT2",3,"Paul",2018,"tchain"
217,"ZT1a",3.16108751536828,"Paul",2018,"tchain"
217,"ZT1b",3.16108751536828,"Paul",2018,"tchain"
217,"ZT2",3,"Paul",2018,"tchain"
218,"ZT1a",3.14939476284585,"Paul",2018,"tchain"
218,"ZT1b",3.14939476284585,"Paul",2018,"tchain"
218,"ZT2",3,"Paul",2018,"tchain"
219,"ZT1a",3.13426128890837,"Paul",2018,"tchain"
219,"ZT1b",3.13426128890837,"Paul",2018,"tchain"
219,"ZT2",3,"Paul",2018,"tchain"
220,"ZT1a",3.11783161239079,"Paul",2018,"tchain"
220,"ZT1b",3.11783161239079,"Paul",2018,"tchain"
220,"ZT2",3,"Paul",2018,"tchain"
221,"ZT1a",3.10337078651685,"Paul",2018,"tchain"
221,"ZT1b",3.10337078651685,"Paul",2018,"tchain"
221,"ZT2",2.5,"Paul",2018,"tchain"
222,"ZT1a",3.0757174392936,"Paul",2018,"tchain"
222,"ZT1b",3.0757174392936,"Paul",2018,"tchain"
222,"ZT2",2.5,"Paul",2018,"tchain"
223,"ZT1a",3.02808845958312,"Paul",2018,"tchain"
223,"ZT1b",3.02808845958312,"Paul",2018,"tchain"
223,"ZT2",2.5,"Paul",2018,"tchain"
224,"ZT1a",2.96434924399644,"Paul",2018,"tchain"
224,"ZT1b",2.96434924399644,"Paul",2018,"tchain"
224,"ZT2",2.5,"Paul",2018,"tchain"
225,"ZT1a",2.87439024390244,"Paul",2018,"tchain"
225,"ZT1b",2.87439024390244,"Paul",2018,"tchain"
225,"ZT2",2.5,"Paul",2018,"tchain"
226,"ZT1a",2.79128070881998,"Paul",2018,"tchain"
226,"ZT1b",2.79128070881998,"Paul",2018,"tchain"
226,"ZT2",2.5,"Paul",2018,"tchain"
227,"ZT1a",2.73293384467881,"Paul",2018,"tchain"
227,"ZT1b",2.73293384467881,"Paul",2018,"tchain"
227,"ZT2",2.5,"Paul",2018,"tchain"
228,"ZT1a",2.70090562440419,"Paul",2018,"tchain"
228,"ZT1b",2.70090562440419,"Paul",2018,"tchain"
228,"ZT2",2.5,"Paul",2018,"tchain"
229,"ZT1a",2.67546414270113,"Paul",2018,"tchain"
229,"ZT1b",2.67546414270113,"Paul",2018,"tchain"
229,"ZT2",2.5,"Paul",2018,"tchain"
230,"ZT1a",2.67591031046378,"Paul",2018,"tchain"
230,"ZT1b",2.67591031046378,"Paul",2018,"tchain"
230,"ZT2",2.5,"Paul",2018,"tchain"
231,"ZT1a",2.71632907565566,"Paul",2018,"tchain"
231,"ZT1b",2.71632907565566,"Paul",2018,"tchain"
231,"ZT2",2.5,"Paul",2018,"tchain"
232,"ZT1a",2.74675454764004,"Paul",2018,"tchain"
232,"ZT1b",2.74675454764004,"Paul",2018,"tchain"
232,"ZT2",2.5,"Paul",2018,"tchain"
233,"ZT1a",3.00235047009402,"Paul",2018,"tchain"
233,"ZT1b",3.00235047009402,"Paul",2018,"tchain"
233,"ZT2",3,"Paul",2018,"tchain"
234,"ZT1a",3.12948758500712,"Paul",2018,"tchain"
234,"ZT1b",3.12948758500712,"Paul",2018,"tchain"
234,"ZT2",3,"Paul",2018,"tchain"
138,"ZT1a",1.29426151276545,"Peter",2018,"tchain"
138,"ZT1b",2.49259151656014,"Peter",2018,"tchain"
138,"ZT2",1.5,"Peter",2018,"tchain"
139,"ZT1a",1.17438542581212,"Peter",2018,"tchain"
139,"ZT1b",2.53812525416836,"Peter",2018,"tchain"
139,"ZT2",1,"Peter",2018,"tchain"
140,"ZT1a",1.46632179553956,"Peter",2018,"tchain"
140,"ZT1b",2.59805611698966,"Peter",2018,"tchain"
140,"ZT2",1.5,"Peter",2018,"tchain"
141,"ZT1a",1.43892174704277,"Peter",2018,"tchain"
141,"ZT1b",2.67000901306895,"Peter",2018,"tchain"
141,"ZT2",1.5,"Peter",2018,"tchain"
142,"ZT1a",1.3691470325082,"Peter",2018,"tchain"
142,"ZT1b",2.70137813564571,"Peter",2018,"tchain"
142,"ZT2",1.5,"Peter",2018,"tchain"
143,"ZT1a",1.26873212143582,"Peter",2018,"tchain"
143,"ZT1b",2.74670069079287,"Peter",2018,"tchain"
143,"ZT2",1.5,"Peter",2018,"tchain"
144,"ZT1a",1.12465776865161,"Peter",2018,"tchain"
144,"ZT1b",2.8046614872364,"Peter",2018,"tchain"
144,"ZT2",1.5,"Peter",2018,"tchain"
145,"ZT1a",1.082736508994,"Peter",2018,"tchain"
145,"ZT1b",2.89154712184492,"Peter",2018,"tchain"
145,"ZT2",1,"Peter",2018,"tchain"
146,"ZT1a",0.909093235083411,"Peter",2018,"tchain"
146,"ZT1b",2.94454578620941,"Peter",2018,"tchain"
146,"ZT2",1,"Peter",2018,"tchain"
147,"ZT1a",0.863600141668142,"Peter",2018,"tchain"
147,"ZT1b",3.01253434065934,"Peter",2018,"tchain"
147,"ZT2",1,"Peter",2018,"tchain"
148,"ZT1a",0.836061739943873,"Peter",2018,"tchain"
148,"ZT1b",3.05771751597575,"Peter",2018,"tchain"
148,"ZT2",1,"Peter",2018,"tchain"
149,"ZT1a",0.883787703016241,"Peter",2018,"tchain"
149,"ZT1b",3.11092043681747,"Peter",2018,"tchain"
149,"ZT2",1,"Peter",2018,"tchain"
150,"ZT1a",0.943321917808219,"Peter",2018,"tchain"
150,"ZT1b",3.13482171031871,"Peter",2018,"tchain"
150,"ZT2",1,"Peter",2018,"tchain"
151,"ZT1a",1.03431313916632,"Peter",2018,"tchain"
151,"ZT1b",3.16747264943713,"Peter",2018,"tchain"
151,"ZT2",1,"Peter",2018,"tchain"
152,"ZT1a",1.39013127445618,"Peter",2018,"tchain"
152,"ZT1b",3.1979043931998,"Peter",2018,"tchain"
152,"ZT2",1.5,"Peter",2018,"tchain"
153,"ZT1a",1.53550191902265,"Peter",2018,"tchain"
153,"ZT1b",3.25713739485088,"Peter",2018,"tchain"
153,"ZT2",1.5,"Peter",2018,"tchain"
154,"ZT1a",1.60970185878167,"Peter",2018,"tchain"
154,"ZT1b",3.26576923076923,"Peter",2018,"tchain"
154,"ZT2",1.5,"Peter",2018,"tchain"
155,"ZT1a",1.88955189566526,"Peter",2018,"tchain"
155,"ZT1b",3.32247557003257,"Peter",2018,"tchain"
155,"ZT2",2,"Peter",2018,"tchain"
156,"ZT1a",1.92755467763613,"Peter",2018,"tchain"
156,"ZT1b",3.40240825688073,"Peter",2018,"tchain"
156,"ZT2",2,"Peter",2018,"tchain"
157,"ZT1a",1.9434748603352,"Peter",2018,"tchain"
157,"ZT1b",3.39823562100583,"Peter",2018,"tchain"
157,"ZT2",2,"Peter",2018,"tchain"
158,"ZT1a",1.96168755070765,"Peter",2018,"tchain"
158,"ZT1b",3.46365313653137,"Peter",2018,"tchain"
158,"ZT2",2,"Peter",2018,"tchain"
159,"ZT1a",1.9347311063729,"Peter",2018,"tchain"
159,"ZT1b",3.50874815179892,"Peter",2018,"tchain"
159,"ZT2",2,"Peter",2018,"tchain"
160,"ZT1a",1.90364080792487,"Peter",2018,"tchain"
160,"ZT1b",3.545422369042,"Peter",2018,"tchain"
160,"ZT2",2,"Peter",2018,"tchain"
161,"ZT1a",1.90163989290495,"Peter",2018,"tchain"
161,"ZT1b",3.61009732360097,"Peter",2018,"tchain"
161,"ZT2",2,"Peter",2018,"tchain"
162,"ZT1a",1.84854604200323,"Peter",2018,"tchain"
162,"ZT1b",3.64324840764331,"Peter",2018,"tchain"
162,"ZT2",2,"Peter",2018,"tchain"
163,"ZT1a",1.78554206850682,"Peter",2018,"tchain"
163,"ZT1b",3.66685242978154,"Peter",2018,"tchain"
163,"ZT2",2,"Peter",2018,"tchain"
164,"ZT1a",1.77806715454154,"Peter",2018,"tchain"
164,"ZT1b",3.70362256892498,"Peter",2018,"tchain"
164,"ZT2",2,"Peter",2018,"tchain"
165,"ZT1a",1.7877616747182,"Peter",2018,"tchain"
165,"ZT1b",3.74563829787234,"Peter",2018,"tchain"
165,"ZT2",2,"Peter",2018,"tchain"
166,"ZT1a",1.94743269339998,"Peter",2018,"tchain"
166,"ZT1b",3.78549488054607,"Peter",2018,"tchain"
166,"ZT2",2,"Peter",2018,"tchain"
167,"ZT1a",2.02627581234873,"Peter",2018,"tchain"
167,"ZT1b",3.87308241170175,"Peter",2018,"tchain"
167,"ZT2",2,"Peter",2018,"tchain"
168,"ZT1a",2.03018354860639,"Peter",2018,"tchain"
168,"ZT1b",3.92755856966708,"Peter",2018,"tchain"
168,"ZT2",2,"Peter",2018,"tchain"
169,"ZT1a",2.03021682644924,"Peter",2018,"tchain"
169,"ZT1b",4.00122231809031,"Peter",2018,"tchain"
169,"ZT2",2,"Peter",2018,"tchain"
170,"ZT1a",1.94884111009454,"Peter",2018,"tchain"
170,"ZT1b",4.04616,"Peter",2018,"tchain"
170,"ZT2",2,"Peter",2018,"tchain"
171,"ZT1a",1.85606437181558,"Peter",2018,"tchain"
171,"ZT1b",4.05230769230769,"Peter",2018,"tchain"
171,"ZT2",2,"Peter",2018,"tchain"
172,"ZT1a",1.77158227032599,"Peter",2018,"tchain"
172,"ZT1b",4.0728794280143,"Peter",2018,"tchain"
172,"ZT2",1.5,"Peter",2018,"tchain"
173,"ZT1a",1.80130850255185,"Peter",2018,"tchain"
173,"ZT1b",4.10061568373299,"Peter",2018,"tchain"
173,"ZT2",2,"Peter",2018,"tchain"
174,"ZT1a",1.76403007200339,"Peter",2018,"tchain"
174,"ZT1b",4.09832317073171,"Peter",2018,"tchain"
174,"ZT2",1.5,"Peter",2018,"tchain"
175,"ZT1a",1.81402032655781,"Peter",2018,"tchain"
175,"ZT1b",4.18920053745381,"Peter",2018,"tchain"
175,"ZT2",2,"Peter",2018,"tchain"
176,"ZT1a",1.93117335273332,"Peter",2018,"tchain"
176,"ZT1b",4.21390026051358,"Peter",2018,"tchain"
176,"ZT2",2,"Peter",2018,"tchain"
177,"ZT1a",1.93253888610135,"Peter",2018,"tchain"
177,"ZT1b",4.18666859456333,"Peter",2018,"tchain"
177,"ZT2",2,"Peter",2018,"tchain"
178,"ZT1a",1.93195693649496,"Peter",2018,"tchain"
178,"ZT1b",4.22876672484002,"Peter",2018,"tchain"
178,"ZT2",2,"Peter",2018,"tchain"
179,"ZT1a",1.9048329539162,"Peter",2018,"tchain"
179,"ZT1b",4.24478714161599,"Peter",2018,"tchain"
179,"ZT2",2,"Peter",2018,"tchain"
180,"ZT1a",1.84614672100778,"Peter",2018,"tchain"
180,"ZT1b",1.84614672100778,"Peter",2018,"tchain"
180,"ZT2",2,"Peter",2018,"tchain"
181,"ZT1a",1.77514882236218,"Peter",2018,"tchain"
181,"ZT1b",1.77514882236218,"Peter",2018,"tchain"
181,"ZT2",2,"Peter",2018,"tchain"
182,"ZT1a",1.68965436273129,"Peter",2018,"tchain"
182,"ZT1b",1.68965436273129,"Peter",2018,"tchain"
182,"ZT2",1.5,"Peter",2018,"tchain"
183,"ZT1a",1.91043103448276,"Peter",2018,"tchain"
183,"ZT1b",1.91043103448276,"Peter",2018,"tchain"
183,"ZT2",2,"Peter",2018,"tchain"
184,"ZT1a",1.83005239793319,"Peter",2018,"tchain"
184,"ZT1b",1.83005239793319,"Peter",2018,"tchain"
184,"ZT2",2,"Peter",2018,"tchain"
185,"ZT1a",1.83184057321988,"Peter",2018,"tchain"
185,"ZT1b",1.83184057321988,"Peter",2018,"tchain"
185,"ZT2",2,"Peter",2018,"tchain"
186,"ZT1a",1.84338482867895,"Peter",2018,"tchain"
186,"ZT1b",1.84338482867895,"Peter",2018,"tchain"
186,"ZT2",2,"Peter",2018,"tchain"
187,"ZT1a",1.94364968597348,"Peter",2018,"tchain"
187,"ZT1b",1.94364968597348,"Peter",2018,"tchain"
187,"ZT2",2,"Peter",2018,"tchain"
188,"ZT1a",1.94537448231126,"Peter",2018,"tchain"
188,"ZT1b",1.94537448231126,"Peter",2018,"tchain"
188,"ZT2",2,"Peter",2018,"tchain"
189,"ZT1a",1.98774820984206,"Peter",2018,"tchain"
189,"ZT1b",1.98774820984206,"Peter",2018,"tchain"
189,"ZT2",2,"Peter",2018,"tchain"
190,"ZT1a",1.94563539192399,"Peter",2018,"tchain"
190,"ZT1b",1.94563539192399,"Peter",2018,"tchain"
190,"ZT2",2,"Peter",2018,"tchain"
191,"ZT1a",1.94831586183193,"Peter",2018,"tchain"
191,"ZT1b",1.94831586183193,"Peter",2018,"tchain"
191,"ZT2",2,"Peter",2018,"tchain"
192,"ZT1a",1.97605187908497,"Peter",2018,"tchain"
192,"ZT1b",1.97605187908497,"Peter",2018,"tchain"
192,"ZT2",2,"Peter",2018,"tchain"
193,"ZT1a",2.0862038033728,"Peter",2018,"tchain"
193,"ZT1b",2.0862038033728,"Peter",2018,"tchain"
193,"ZT2",2,"Peter",2018,"tchain"
194,"ZT1a",2.10087885087885,"Peter",2018,"tchain"
194,"ZT1b",2.10087885087885,"Peter",2018,"tchain"
194,"ZT2",2,"Peter",2018,"tchain"
195,"ZT1a",2.10042326597488,"Peter",2018,"tchain"
195,"ZT1b",2.10042326597488,"Peter",2018,"tchain"
195,"ZT2",2,"Peter",2018,"tchain"
196,"ZT1a",2.06628334131928,"Peter",2018,"tchain"
196,"ZT1b",2.06628334131928,"Peter",2018,"tchain"
196,"ZT2",2,"Peter",2018,"tchain"
197,"ZT1a",2.01685130285536,"Peter",2018,"tchain"
197,"ZT1b",2.01685130285536,"Peter",2018,"tchain"
197,"ZT2",2,"Peter",2018,"tchain"
198,"ZT1a",2.09679310344828,"Peter",2018,"tchain"
198,"ZT1b",2.09679310344828,"Peter",2018,"tchain"
198,"ZT2",2,"Peter",2018,"tchain"
199,"ZT1a",2.21215051872692,"Peter",2018,"tchain"
199,"ZT1b",2.21215051872692,"Peter",2018,"tchain"
199,"ZT2",2.5,"Peter",2018,"tchain"
200,"ZT1a",2.194492552823,"Peter",2018,"tchain"
200,"ZT1b",2.194492552823,"Peter",2018,"tchain"
200,"ZT2",2.5,"Peter",2018,"tchain"
201,"ZT1a",2.27177906061401,"Peter",2018,"tchain"
201,"ZT1b",2.27177906061401,"Peter",2018,"tchain"
201,"ZT2",2.5,"Peter",2018,"tchain"
202,"ZT1a",2.44921621270515,"Peter",2018,"tchain"
202,"ZT1b",2.44921621270515,"Peter",2018,"tchain"
202,"ZT2",2.5,"Peter",2018,"tchain"
203,"ZT1a",2.51356335027045,"Peter",2018,"tchain"
203,"ZT1b",2.51356335027045,"Peter",2018,"tchain"
203,"ZT2",2.5,"Peter",2018,"tchain"
204,"ZT1a",2.51465593156372,"Peter",2018,"tchain"
204,"ZT1b",2.51465593156372,"Peter",2018,"tchain"
204,"ZT2",2.5,"Peter",2018,"tchain"
205,"ZT1a",2.49066436712657,"Peter",2018,"tchain"
205,"ZT1b",2.49066436712657,"Peter",2018,"tchain"
205,"ZT2",2.5,"Peter",2018,"tchain"
206,"ZT1a",2.46212250834117,"Peter",2018,"tchain"
206,"ZT1b",2.46212250834117,"Peter",2018,"tchain"
206,"ZT2",2.5,"Peter",2018,"tchain"
207,"ZT1a",2.49793978327169,"Peter",2018,"tchain"
207,"ZT1b",2.49793978327169,"Peter",2018,"tchain"
207,"ZT2",2.5,"Peter",2018,"tchain"
208,"ZT1a",2.5674876527164,"Peter",2018,"tchain"
208,"ZT1b",2.5674876527164,"Peter",2018,"tchain"
208,"ZT2",2.5,"Peter",2018,"tchain"
209,"ZT1a",2.65919409761634,"Peter",2018,"tchain"
209,"ZT1b",2.65919409761634,"Peter",2018,"tchain"
209,"ZT2",2.5,"Peter",2018,"tchain"
210,"ZT1a",2.66195955369595,"Peter",2018,"tchain"
210,"ZT1b",2.66195955369595,"Peter",2018,"tchain"
210,"ZT2",2.5,"Peter",2018,"tchain"
211,"ZT1a",2.64932753164557,"Peter",2018,"tchain"
211,"ZT1b",2.64932753164557,"Peter",2018,"tchain"
211,"ZT2",3,"Peter",2018,"tchain"
212,"ZT1a",2.61087291116974,"Peter",2018,"tchain"
212,"ZT1b",2.61087291116974,"Peter",2018,"tchain"
212,"ZT2",3,"Peter",2018,"tchain"
213,"ZT1a",2.59818677411709,"Peter",2018,"tchain"
213,"ZT1b",2.59818677411709,"Peter",2018,"tchain"
213,"ZT2",3,"Peter",2018,"tchain"
214,"ZT1a",2.68002728978339,"Peter",2018,"tchain"
214,"ZT1b",2.68002728978339,"Peter",2018,"tchain"
214,"ZT2",2.5,"Peter",2018,"tchain"
215,"ZT1a",2.85286656519533,"Peter",2018,"tchain"
215,"ZT1b",2.85286656519533,"Peter",2018,"tchain"
215,"ZT2",3,"Peter",2018,"tchain"
216,"ZT1a",2.84097576307886,"Peter",2018,"tchain"
216,"ZT1b",2.84097576307886,"Peter",2018,"tchain"
216,"ZT2",3,"Peter",2018,"tchain"
217,"ZT1a",2.83111145558828,"Peter",2018,"tchain"
217,"ZT1b",2.83111145558828,"Peter",2018,"tchain"
217,"ZT2",3,"Peter",2018,"tchain"
218,"ZT1a",2.81502681079241,"Peter",2018,"tchain"
218,"ZT1b",2.81502681079241,"Peter",2018,"tchain"
218,"ZT2",3,"Peter",2018,"tchain"
219,"ZT1a",2.80096330275229,"Peter",2018,"tchain"
219,"ZT1b",2.80096330275229,"Peter",2018,"tchain"
219,"ZT2",3,"Peter",2018,"tchain"
220,"ZT1a",2.77103794065957,"Peter",2018,"tchain"
220,"ZT1b",2.77103794065957,"Peter",2018,"tchain"
220,"ZT2",3,"Peter",2018,"tchain"
221,"ZT1a",2.73416376979529,"Peter",2018,"tchain"
221,"ZT1b",2.73416376979529,"Peter",2018,"tchain"
221,"ZT2",3,"Peter",2018,"tchain"
222,"ZT1a",2.6934580426971,"Peter",2018,"tchain"
222,"ZT1b",2.6934580426971,"Peter",2018,"tchain"
222,"ZT2",3,"Peter",2018,"tchain"
223,"ZT1a",2.62644597587989,"Peter",2018,"tchain"
223,"ZT1b",2.62644597587989,"Peter",2018,"tchain"
223,"ZT2",3,"Peter",2018,"tchain"
224,"ZT1a",2.5209049255441,"Peter",2018,"tchain"
224,"ZT1b",2.5209049255441,"Peter",2018,"tchain"
224,"ZT2",3,"Peter",2018,"tchain"
225,"ZT1a",2.40895669291339,"Peter",2018,"tchain"
225,"ZT1b",2.40895669291339,"Peter",2018,"tchain"
225,"ZT2",3,"Peter",2018,"tchain"
226,"ZT1a",2.31700470843897,"Peter",2018,"tchain"
226,"ZT1b",2.31700470843897,"Peter",2018,"tchain"
226,"ZT2",3,"Peter",2018,"tchain"
227,"ZT1a",2.21863665457649,"Peter",2018,"tchain"
227,"ZT1b",2.21863665457649,"Peter",2018,"tchain"
227,"ZT2",2,"Peter",2018,"tchain"
228,"ZT1a",2.24828870545601,"Peter",2018,"tchain"
228,"ZT1b",2.24828870545601,"Peter",2018,"tchain"
228,"ZT2",2,"Peter",2018,"tchain"
229,"ZT1a",2.449203187251,"Peter",2018,"tchain"
229,"ZT1b",2.449203187251,"Peter",2018,"tchain"
229,"ZT2",2,"Peter",2018,"tchain"
230,"ZT1a",2.51310569566449,"Peter",2018,"tchain"
230,"ZT1b",2.51310569566449,"Peter",2018,"tchain"
230,"ZT2",2.5,"Peter",2018,"tchain"
231,"ZT1a",2.54457976244174,"Peter",2018,"tchain"
231,"ZT1b",2.54457976244174,"Peter",2018,"tchain"
231,"ZT2",2.5,"Peter",2018,"tchain"
232,"ZT1a",2.56194438112605,"Peter",2018,"tchain"
232,"ZT1b",2.56194438112605,"Peter",2018,"tchain"
232,"ZT2",2.5,"Peter",2018,"tchain"
233,"ZT1a",2.63914855495832,"Peter",2018,"tchain"
233,"ZT1b",2.63914855495832,"Peter",2018,"tchain"
233,"ZT2",2.5,"Peter",2018,"tchain"
234,"ZT1a",2.91602350985514,"Peter",2018,"tchain"
234,"ZT1b",2.91602350985514,"Peter",2018,"tchain"
234,"ZT2",3,"Peter",2018,"tchain"
131,"ZT1a",0,"Peter",2019,"tchain"
131,"ZT1b",0,"Peter",2019,"tchain"
131,"ZT2",2,"Peter",2019,"tchain"
132,"ZT1a",0,"Peter",2019,"tchain"
132,"ZT1b",0,"Peter",2019,"tchain"
132,"ZT2",2,"Peter",2019,"tchain"
133,"ZT1a",0,"Peter",2019,"tchain"
133,"ZT1b",0,"Peter",2019,"tchain"
133,"ZT2",2,"Peter",2019,"tchain"
134,"ZT1a",0,"Peter",2019,"tchain"
134,"ZT1b",0,"Peter",2019,"tchain"
134,"ZT2",1,"Peter",2019,"tchain"
135,"ZT1a",1.43429219384101,"Peter",2019,"tchain"
135,"ZT1b",1.43429219384101,"Peter",2019,"tchain"
135,"ZT2",4,"Peter",2019,"tchain"
136,"ZT1a",0.804225352112677,"Peter",2019,"tchain"
136,"ZT1b",1.68055899084838,"Peter",2019,"tchain"
136,"ZT2",1,"Peter",2019,"tchain"
137,"ZT1a",1.00234761823459,"Peter",2019,"tchain"
137,"ZT1b",2.07277562862669,"Peter",2019,"tchain"
137,"ZT2",1,"Peter",2019,"tchain"
138,"ZT1a",1.56302950628104,"Peter",2019,"tchain"
138,"ZT1b",2.20049272641952,"Peter",2019,"tchain"
138,"ZT2",1.5,"Peter",2019,"tchain"
139,"ZT1a",2.198862471818,"Peter",2019,"tchain"
139,"ZT1b",2.38845726970033,"Peter",2019,"tchain"
139,"ZT2",2,"Peter",2019,"tchain"
140,"ZT1a",2.70938977223893,"Peter",2019,"tchain"
140,"ZT1b",2.80187557182068,"Peter",2019,"tchain"
140,"ZT2",2.5,"Peter",2019,"tchain"
141,"ZT1a",0,"Peter",2019,"tchain"
141,"ZT1b",0,"Peter",2019,"tchain"
141,"ZT2",2.5,"Peter",2019,"tchain"
142,"ZT1a",0,"Peter",2019,"tchain"
142,"ZT1b",0,"Peter",2019,"tchain"
142,"ZT2",1,"Peter",2019,"tchain"
143,"ZT1a",0,"Peter",2019,"tchain"
143,"ZT1b",0,"Peter",2019,"tchain"
143,"ZT2",1.5,"Peter",2019,"tchain"
144,"ZT1a",0,"Peter",2019,"tchain"
144,"ZT1b",0,"Peter",2019,"tchain"
144,"ZT2",1.5,"Peter",2019,"tchain"
145,"ZT1a",2.21728416043508,"Peter",2019,"tchain"
145,"ZT1b",2.35020822488287,"Peter",2019,"tchain"
145,"ZT2",2,"Peter",2019,"tchain"
146,"ZT1a",2.13645726055613,"Peter",2019,"tchain"
146,"ZT1b",2.46940298507463,"Peter",2019,"tchain"
146,"ZT2",2,"Peter",2019,"tchain"
147,"ZT1a",2.08954107083472,"Peter",2019,"tchain"
147,"ZT1b",2.45878407615751,"Peter",2019,"tchain"
147,"ZT2",1,"Peter",2019,"tchain"
148,"ZT1a",1.97633517495396,"Peter",2019,"tchain"
148,"ZT1b",2.49570105820106,"Peter",2019,"tchain"
148,"ZT2",1.5,"Peter",2019,"tchain"
149,"ZT1a",1.89127604166667,"Peter",2019,"tchain"
149,"ZT1b",2.61996418979409,"Peter",2019,"tchain"
149,"ZT2",1.5,"Peter",2019,"tchain"
150,"ZT1a",0,"Peter",2019,"tchain"
150,"ZT1b",0,"Peter",2019,"tchain"
150,"ZT2",1.5,"Peter",2019,"tchain"
151,"ZT1a",1.09566596194504,"Peter",2019,"tchain"
151,"ZT1b",2.72263833690003,"Peter",2019,"tchain"
151,"ZT2",2,"Peter",2019,"tchain"
152,"ZT1a",1.14114049178302,"Peter",2019,"tchain"
152,"ZT1b",2.79657477025898,"Peter",2019,"tchain"
152,"ZT2",1,"Peter",2019,"tchain"
153,"ZT1a",1.47124352331606,"Peter",2019,"tchain"
153,"ZT1b",2.85298324478954,"Peter",2019,"tchain"
153,"ZT2",1.5,"Peter",2019,"tchain"
154,"ZT1a",1.57341947541406,"Peter",2019,"tchain"
154,"ZT1b",2.8662109375,"Peter",2019,"tchain"
154,"ZT2",1.5,"Peter",2019,"tchain"
155,"ZT1a",1.641071282429,"Peter",2019,"tchain"
155,"ZT1b",2.87411883182276,"Peter",2019,"tchain"
155,"ZT2",1.5,"Peter",2019,"tchain"
156,"ZT1a",1.58159159786812,"Peter",2019,"tchain"
156,"ZT1b",2.93108651911469,"Peter",2019,"tchain"
156,"ZT2",1.5,"Peter",2019,"tchain"
157,"ZT1a",1.50044636725725,"Peter",2019,"tchain"
157,"ZT1b",3.01251526251526,"Peter",2019,"tchain"
157,"ZT2",1.5,"Peter",2019,"tchain"
158,"ZT1a",3.04843099583734,"Peter",2019,"tchain"
158,"ZT1b",3.04843099583734,"Peter",2019,"tchain"
158,"ZT2",1.5,"Peter",2019,"tchain"
159,"ZT1a",3.11326463853451,"Peter",2019,"tchain"
159,"ZT1b",3.11326463853451,"Peter",2019,"tchain"
159,"ZT2",1,"Peter",2019,"tchain"
160,"ZT1a",0.997562380038388,"Peter",2019,"tchain"
160,"ZT1b",3.12135614702155,"Peter",2019,"tchain"
160,"ZT2",1,"Peter",2019,"tchain"
161,"ZT1a",1.40523621561613,"Peter",2019,"tchain"
161,"ZT1b",3.19359053181678,"Peter",2019,"tchain"
161,"ZT2",1.5,"Peter",2019,"tchain"
162,"ZT1a",1.48317877654249,"Peter",2019,"tchain"
162,"ZT1b",3.22796399751707,"Peter",2019,"tchain"
162,"ZT2",1.5,"Peter",2019,"tchain"
163,"ZT1a",1.53125897421171,"Peter",2019,"tchain"
163,"ZT1b",3.22572678521027,"Peter",2019,"tchain"
163,"ZT2",1.5,"Peter",2019,"tchain"
164,"ZT1a",1.80626679869854,"Peter",2019,"tchain"
164,"ZT1b",3.2467414916727,"Peter",2019,"tchain"
164,"ZT2",2,"Peter",2019,"tchain"
165,"ZT1a",1.89234968395758,"Peter",2019,"tchain"
165,"ZT1b",3.25155925155925,"Peter",2019,"tchain"
165,"ZT2",2,"Peter",2019,"tchain"
166,"ZT1a",1.92979015257256,"Peter",2019,"tchain"
166,"ZT1b",3.37422488631666,"Peter",2019,"tchain"
166,"ZT2",2,"Peter",2019,"tchain"
167,"ZT1a",1.89663253978044,"Peter",2019,"tchain"
167,"ZT1b",3.37793121417405,"Peter",2019,"tchain"
167,"ZT2",2,"Peter",2019,"tchain"
168,"ZT1a",1.84493350679387,"Peter",2019,"tchain"
168,"ZT1b",3.46090156393744,"Peter",2019,"tchain"
168,"ZT2",2,"Peter",2019,"tchain"
169,"ZT1a",1.78817709689895,"Peter",2019,"tchain"
169,"ZT1b",3.51949275362319,"Peter",2019,"tchain"
169,"ZT2",2,"Peter",2019,"tchain"
170,"ZT1a",1.79442267585161,"Peter",2019,"tchain"
170,"ZT1b",3.55984658780186,"Peter",2019,"tchain"
170,"ZT2",2,"Peter",2019,"tchain"
171,"ZT1a",1.78392582464536,"Peter",2019,"tchain"
171,"ZT1b",3.59506777108434,"Peter",2019,"tchain"
171,"ZT2",2,"Peter",2019,"tchain"
172,"ZT1a",1.82574468085106,"Peter",2019,"tchain"
172,"ZT1b",3.63813559322034,"Peter",2019,"tchain"
172,"ZT2",2,"Peter",2019,"tchain"
173,"ZT1a",1.77391143303976,"Peter",2019,"tchain"
173,"ZT1b",3.69555214723926,"Peter",2019,"tchain"
173,"ZT2",2,"Peter",2019,"tchain"
174,"ZT1a",1.71242750621375,"Peter",2019,"tchain"
174,"ZT1b",3.67323520101298,"Peter",2019,"tchain"
174,"ZT2",1.5,"Peter",2019,"tchain"
175,"ZT1a",1.83229681978799,"Peter",2019,"tchain"
175,"ZT1b",3.70815602836879,"Peter",2019,"tchain"
175,"ZT2",2,"Peter",2019,"tchain"
176,"ZT1a",1.89199126737906,"Peter",2019,"tchain"
176,"ZT1b",3.72707423580786,"Peter",2019,"tchain"
176,"ZT2",2,"Peter",2019,"tchain"
177,"ZT1a",1.84360541399075,"Peter",2019,"tchain"
177,"ZT1b",3.78004363880497,"Peter",2019,"tchain"
177,"ZT2",2,"Peter",2019,"tchain"
178,"ZT1a",1.79087292018326,"Peter",2019,"tchain"
178,"ZT1b",3.77916073968706,"Peter",2019,"tchain"
178,"ZT2",2,"Peter",2019,"tchain"
179,"ZT1a",1.70039941902687,"Peter",2019,"tchain"
179,"ZT1b",3.8075593627893,"Peter",2019,"tchain"
179,"ZT2",2,"Peter",2019,"tchain"
180,"ZT1a",1.57306536438768,"Peter",2019,"tchain"
180,"ZT1b",3.83816964285714,"Peter",2019,"tchain"
180,"ZT2",2,"Peter",2019,"tchain"
181,"ZT1a",1.55417793808236,"Peter",2019,"tchain"
181,"ZT1b",3.87325390304026,"Peter",2019,"tchain"
181,"ZT2",1.5,"Peter",2019,"tchain"
182,"ZT1a",1.5720432328239,"Peter",2019,"tchain"
182,"ZT1b",3.86625313632562,"Peter",2019,"tchain"
182,"ZT2",1.5,"Peter",2019,"tchain"
183,"ZT1a",1.57460608530291,"Peter",2019,"tchain"
183,"ZT1b",3.86467008327995,"Peter",2019,"tchain"
183,"ZT2",1.5,"Peter",2019,"tchain"
184,"ZT1a",1.52429165383431,"Peter",2019,"tchain"
184,"ZT1b",3.90419336051252,"Peter",2019,"tchain"
184,"ZT2",1.5,"Peter",2019,"tchain"
185,"ZT1a",1.44261644318984,"Peter",2019,"tchain"
185,"ZT1b",3.92771883289125,"Peter",2019,"tchain"
185,"ZT2",1.5,"Peter",2019,"tchain"
186,"ZT1a",1.4686533342925,"Peter",2019,"tchain"
186,"ZT1b",3.96474052849411,"Peter",2019,"tchain"
186,"ZT2",1.5,"Peter",2019,"tchain"
187,"ZT1a",1.46899455330871,"Peter",2019,"tchain"
187,"ZT1b",3.99155011655012,"Peter",2019,"tchain"
187,"ZT2",1.5,"Peter",2019,"tchain"
188,"ZT1a",1.58334384460141,"Peter",2019,"tchain"
188,"ZT1b",3.9935018566124,"Peter",2019,"tchain"
188,"ZT2",1.5,"Peter",2019,"tchain"
189,"ZT1a",1.73489325200153,"Peter",2019,"tchain"
189,"ZT1b",4.02041103603604,"Peter",2019,"tchain"
189,"ZT2",2,"Peter",2019,"tchain"
190,"ZT1a",1.63646797914559,"Peter",2019,"tchain"
190,"ZT1b",4.01590296495957,"Peter",2019,"tchain"
190,"ZT2",1.5,"Peter",2019,"tchain"
191,"ZT1a",1.60117370892019,"Peter",2019,"tchain"
191,"ZT1b",4.053264604811,"Peter",2019,"tchain"
191,"ZT2",1.5,"Peter",2019,"tchain"
192,"ZT1a",1.80506253567907,"Peter",2019,"tchain"
192,"ZT1b",4.05672506357728,"Peter",2019,"tchain"
192,"ZT2",2,"Peter",2019,"tchain"
193,"ZT1a",1.86938362789062,"Peter",2019,"tchain"
193,"ZT1b",4.07649842271293,"Peter",2019,"tchain"
193,"ZT2",2,"Peter",2019,"tchain"
194,"ZT1a",1.84768130241737,"Peter",2019,"tchain"
194,"ZT1b",4.08910891089109,"Peter",2019,"tchain"
194,"ZT2",2,"Peter",2019,"tchain"
195,"ZT1a",1.87859373564802,"Peter",2019,"tchain"
195,"ZT1b",4.09022165781575,"Peter",2019,"tchain"
195,"ZT2",2,"Peter",2019,"tchain"
196,"ZT1a",1.82723259193026,"Peter",2019,"tchain"
196,"ZT1b",4.12475798644724,"Peter",2019,"tchain"
196,"ZT2",2,"Peter",2019,"tchain"
197,"ZT1a",1.80062120010574,"Peter",2019,"tchain"
197,"ZT1b",4.18059564418788,"Peter",2019,"tchain"
197,"ZT2",2,"Peter",2019,"tchain"
198,"ZT1a",1.79939678284182,"Peter",2019,"tchain"
198,"ZT1b",4.17971654275093,"Peter",2019,"tchain"
198,"ZT2",2,"Peter",2019,"tchain"
199,"ZT1a",1.9219673312515,"Peter",2019,"tchain"
199,"ZT1b",4.19463894967177,"Peter",2019,"tchain"
199,"ZT2",2,"Peter",2019,"tchain"
200,"ZT1a",1.90706401196678,"Peter",2019,"tchain"
200,"ZT1b",4.19977119198082,"Peter",2019,"tchain"
200,"ZT2",2,"Peter",2019,"tchain"
201,"ZT1a",1.92339491681127,"Peter",2019,"tchain"
201,"ZT1b",4.20341922695738,"Peter",2019,"tchain"
201,"ZT2",2,"Peter",2019,"tchain"
202,"ZT1a",1.99379010556821,"Peter",2019,"tchain"
202,"ZT1b",4.19820936639118,"Peter",2019,"tchain"
202,"ZT2",2,"Peter",2019,"tchain"
203,"ZT1a",2.04009377967711,"Peter",2019,"tchain"
203,"ZT1b",4.20220516805906,"Peter",2019,"tchain"
203,"ZT2",2,"Peter",2019,"tchain"
204,"ZT1a",2.07469891034219,"Peter",2019,"tchain"
204,"ZT1b",4.21225695768204,"Peter",2019,"tchain"
204,"ZT2",2,"Peter",2019,"tchain"
205,"ZT1a",2.06650530198248,"Peter",2019,"tchain"
205,"ZT1b",4.22755681818182,"Peter",2019,"tchain"
205,"ZT2",2,"Peter",2019,"tchain"
206,"ZT1a",2.03311023622047,"Peter",2019,"tchain"
206,"ZT1b",4.23695909899229,"Peter",2019,"tchain"
206,"ZT2",2,"Peter",2019,"tchain"
207,"ZT1a",2.04093312697491,"Peter",2019,"tchain"
207,"ZT1b",2.04093312697491,"Peter",2019,"tchain"
207,"ZT2",2,"Peter",2019,"tchain"
208,"ZT1a",2.04450022100145,"Peter",2019,"tchain"
208,"ZT1b",2.04450022100145,"Peter",2019,"tchain"
208,"ZT2",2,"Peter",2019,"tchain"
209,"ZT1a",2.02607079646018,"Peter",2019,"tchain"
209,"ZT1b",2.02607079646018,"Peter",2019,"tchain"
209,"ZT2",2,"Peter",2019,"tchain"
210,"ZT1a",2.04827326789425,"Peter",2019,"tchain"
210,"ZT1b",2.04827326789425,"Peter",2019,"tchain"
210,"ZT2",2,"Peter",2019,"tchain"
211,"ZT1a",2.17915436707762,"Peter",2019,"tchain"
211,"ZT1b",2.17915436707762,"Peter",2019,"tchain"
211,"ZT2",2,"Peter",2019,"tchain"
212,"ZT1a",2.27205594296012,"Peter",2019,"tchain"
212,"ZT1b",2.27205594296012,"Peter",2019,"tchain"
212,"ZT2",2.5,"Peter",2019,"tchain"
213,"ZT1a",2.21293625612922,"Peter",2019,"tchain"
213,"ZT1b",2.21293625612922,"Peter",2019,"tchain"
213,"ZT2",2.5,"Peter",2019,"tchain"
214,"ZT1a",2.16845839604386,"Peter",2019,"tchain"
214,"ZT1b",2.16845839604386,"Peter",2019,"tchain"
214,"ZT2",2.5,"Peter",2019,"tchain"
215,"ZT1a",2.10971307619944,"Peter",2019,"tchain"
215,"ZT1b",2.10971307619944,"Peter",2019,"tchain"
215,"ZT2",2,"Peter",2019,"tchain"
216,"ZT1a",2.02436499171728,"Peter",2019,"tchain"
216,"ZT1b",2.02436499171728,"Peter",2019,"tchain"
216,"ZT2",2,"Peter",2019,"tchain"
217,"ZT1a",1.96561443066516,"Peter",2019,"tchain"
217,"ZT1b",1.96561443066516,"Peter",2019,"tchain"
217,"ZT2",2,"Peter",2019,"tchain"
218,"ZT1a",2.02302008336491,"Peter",2019,"tchain"
218,"ZT1b",2.02302008336491,"Peter",2019,"tchain"
218,"ZT2",2,"Peter",2019,"tchain"
219,"ZT1a",2.01105049010542,"Peter",2019,"tchain"
219,"ZT1b",2.01105049010542,"Peter",2019,"tchain"
219,"ZT2",2,"Peter",2019,"tchain"
220,"ZT1a",2.0667433239514,"Peter",2019,"tchain"
220,"ZT1b",2.0667433239514,"Peter",2019,"tchain"
220,"ZT2",2,"Peter",2019,"tchain"
221,"ZT1a",2.2311660041643,"Peter",2019,"tchain"
221,"ZT1b",2.2311660041643,"Peter",2019,"tchain"
221,"ZT2",2,"Peter",2019,"tchain"
222,"ZT1a",2.27028759846126,"Peter",2019,"tchain"
222,"ZT1b",2.27028759846126,"Peter",2019,"tchain"
222,"ZT2",2.5,"Peter",2019,"tchain"
223,"ZT1a",2.22816617084573,"Peter",2019,"tchain"
223,"ZT1b",2.22816617084573,"Peter",2019,"tchain"
223,"ZT2",2.5,"Peter",2019,"tchain"
224,"ZT1a",2.18035658266234,"Peter",2019,"tchain"
224,"ZT1b",2.18035658266234,"Peter",2019,"tchain"
224,"ZT2",2,"Peter",2019,"tchain"
225,"ZT1a",2.22069894772863,"Peter",2019,"tchain"
225,"ZT1b",2.22069894772863,"Peter",2019,"tchain"
225,"ZT2",2,"Peter",2019,"tchain"
226,"ZT1a",2.45559498097295,"Peter",2019,"tchain"
226,"ZT1b",2.45559498097295,"Peter",2019,"tchain"
226,"ZT2",2.5,"Peter",2019,"tchain"
227,"ZT1a",2.48044789974472,"Peter",2019,"tchain"
227,"ZT1b",2.48044789974472,"Peter",2019,"tchain"
227,"ZT2",2.5,"Peter",2019,"tchain"
228,"ZT1a",2.5102763090568,"Peter",2019,"tchain"
228,"ZT1b",2.5102763090568,"Peter",2019,"tchain"
228,"ZT2",2.5,"Peter",2019,"tchain"
229,"ZT1a",2.5485664854177,"Peter",2019,"tchain"
229,"ZT1b",2.5485664854177,"Peter",2019,"tchain"
229,"ZT2",2.5,"Peter",2019,"tchain"
230,"ZT1a",2.55715384615385,"Peter",2019,"tchain"
230,"ZT1b",2.55715384615385,"Peter",2019,"tchain"
230,"ZT2",2.5,"Peter",2019,"tchain"
231,"ZT1a",2.63539812736981,"Peter",2019,"tchain"
231,"ZT1b",2.63539812736981,"Peter",2019,"tchain"
231,"ZT2",2.5,"Peter",2019,"tchain"
232,"ZT1a",2.65320865094841,"Peter",2019,"tchain"
232,"ZT1b",2.65320865094841,"Peter",2019,"tchain"
232,"ZT2",2.5,"Peter",2019,"tchain"
233,"ZT1a",2.65392623438429,"Peter",2019,"tchain"
233,"ZT1b",2.65392623438429,"Peter",2019,"tchain"
233,"ZT2",2.5,"Peter",2019,"tchain"
234,"ZT1a",2.69744571021716,"Peter",2019,"tchain"
234,"ZT1b",2.69744571021716,"Peter",2019,"tchain"
234,"ZT2",2.5,"Peter",2019,"tchain"
235,"ZT1a",2.91153361013297,"Peter",2019,"tchain"
235,"ZT1b",2.91153361013297,"Peter",2019,"tchain"
235,"ZT2",3,"Peter",2019,"tchain"
236,"ZT1a",2.93027861966289,"Peter",2019,"tchain"
236,"ZT1b",2.93027861966289,"Peter",2019,"tchain"
236,"ZT2",3,"Peter",2019,"tchain"
237,"ZT1a",2.92830839373393,"Peter",2019,"tchain"
237,"ZT1b",2.92830839373393,"Peter",2019,"tchain"
237,"ZT2",3,"Peter",2019,"tchain"
238,"ZT1a",2.93330158730159,"Peter",2019,"tchain"
238,"ZT1b",2.93330158730159,"Peter",2019,"tchain"
238,"ZT2",3,"Peter",2019,"tchain"
239,"ZT1a",2.98606458344775,"Peter",2019,"tchain"
239,"ZT1b",2.98606458344775,"Peter",2019,"tchain"
239,"ZT2",3,"Peter",2019,"tchain"
240,"ZT1a",3.06567461399967,"Peter",2019,"tchain"
240,"ZT1b",3.06567461399967,"Peter",2019,"tchain"
240,"ZT2",3,"Peter",2019,"tchain"
241,"ZT1a",3.21820071475458,"Peter",2019,"tchain"
241,"ZT1b",3.21820071475458,"Peter",2019,"tchain"
241,"ZT2",3,"Peter",2019,"tchain"
242,"ZT1a",3.36838650387292,"Peter",2019,"tchain"
242,"ZT1b",3.36838650387292,"Peter",2019,"tchain"
242,"ZT2",3.5,"Peter",2019,"tchain"
243,"ZT1a",3.36780575539568,"Peter",2019,"tchain"
243,"ZT1b",3.36780575539568,"Peter",2019,"tchain"
243,"ZT2",3.5,"Peter",2019,"tchain"
244,"ZT1a",3.36350925561245,"Peter",2019,"tchain"
244,"ZT1b",3.36350925561245,"Peter",2019,"tchain"
244,"ZT2",3.5,"Peter",2019,"tchain"
245,"ZT1a",3.34442575684767,"Peter",2019,"tchain"
245,"ZT1b",3.34442575684767,"Peter",2019,"tchain"
245,"ZT2",3.5,"Peter",2019,"tchain"
246,"ZT1a",3.36052891744933,"Peter",2019,"tchain"
246,"ZT1b",3.36052891744933,"Peter",2019,"tchain"
246,"ZT2",3,"Peter",2019,"tchain"
247,"ZT1a",3.46081855007683,"Peter",2019,"tchain"
247,"ZT1b",3.46081855007683,"Peter",2019,"tchain"
247,"ZT2",3.5,"Peter",2019,"tchain"
248,"ZT1a",3.45607256845288,"Peter",2019,"tchain"
248,"ZT1b",3.45607256845288,"Peter",2019,"tchain"
248,"ZT2",3.5,"Peter",2019,"tchain"
136,"ZT1a",0,"Tuesday",2024,"tchain"
136,"ZT1b",0,"Tuesday",2024,"tchain"
136,"ZT2",1.5,"Tuesday",2024,"tchain"
137,"ZT1a",1.677525705,"Tuesday",2024,"tchain"
137,"ZT1b",2.859715792,"Tuesday",2024,"tchain"
137,"ZT2",1.5,"Tuesday",2024,"tchain"
138,"ZT1a",1.886328872,"Tuesday",2024,"tchain"
138,"ZT1b",2.916303528,"Tuesday",2024,"tchain"
138,"ZT2",1.5,"Tuesday",2024,"tchain"
139,"ZT1a",0,"Tuesday",2024,"tchain"
139,"ZT1b",0,"Tuesday",2024,"tchain"
139,"ZT2",1.5,"Tuesday",2024,"tchain"
140,"ZT1a",1.073618817,"Tuesday",2024,"tchain"
140,"ZT1b",2.994102369,"Tuesday",2024,"tchain"
140,"ZT2",1,"Tuesday",2024,"tchain"
141,"ZT1a",1.214540198,"Tuesday",2024,"tchain"
141,"ZT1b",3.009720387,"Tuesday",2024,"tchain"
141,"ZT2",1,"Tuesday",2024,"tchain"
142,"ZT1a",1.410895334,"Tuesday",2024,"tchain"
142,"ZT1b",3.053829615,"Tuesday",2024,"tchain"
142,"ZT2",1,"Tuesday",2024,"tchain"
143,"ZT1a",1.622241379,"Tuesday",2024,"tchain"
143,"ZT1b",3.047703679,"Tuesday",2024,"tchain"
143,"ZT2",1.5,"Tuesday",2024,"tchain"
144,"ZT1a",1.907060519,"Tuesday",2024,"tchain"
144,"ZT1b",3.112781162,"Tuesday",2024,"tchain"
144,"ZT2",2,"Tuesday",2024,"tchain"
145,"ZT1a",1.865357258,"Tuesday",2024,"tchain"
145,"ZT1b",3.141661408,"Tuesday",2024,"tchain"
145,"ZT2",2,"Tuesday",2024,"tchain"
146,"ZT1a",1.956114458,"Tuesday",2024,"tchain"
146,"ZT1b",3.195172263,"Tuesday",2024,"tchain"
146,"ZT2",2,"Tuesday",2024,"tchain"
147,"ZT1a",1.924016876,"Tuesday",2024,"tchain"
147,"ZT1b",3.237563077,"Tuesday",2024,"tchain"
147,"ZT2",2,"Tuesday",2024,"tchain"
148,"ZT1a",1.952749209,"Tuesday",2024,"tchain"
148,"ZT1b",3.234633454,"Tuesday",2024,"tchain"
148,"ZT2",2,"Tuesday",2024,"tchain"
149,"ZT1a",1.914433344,"Tuesday",2024,"tchain"
149,"ZT1b",3.25536069,"Tuesday",2024,"tchain"
149,"ZT2",2,"Tuesday",2024,"tchain"
150,"ZT1a",1.99152376,"Tuesday",2024,"tchain"
150,"ZT1b",3.286188493,"Tuesday",2024,"tchain"
150,"ZT2",2,"Tuesday",2024,"tchain"
151,"ZT1a",1.935474314,"Tuesday",2024,"tchain"
151,"ZT1b",3.347771558,"Tuesday",2024,"tchain"
151,"ZT2",2,"Tuesday",2024,"tchain"
152,"ZT1a",1.857134137,"Tuesday",2024,"tchain"
152,"ZT1b",3.384536339,"Tuesday",2024,"tchain"
152,"ZT2",2,"Tuesday",2024,"tchain"
153,"ZT1a",1.790902938,"Tuesday",2024,"tchain"
153,"ZT1b",3.393462824,"Tuesday",2024,"tchain"
153,"ZT2",2,"Tuesday",2024,"tchain"
154,"ZT1a",1.673556168,"Tuesday",2024,"tchain"
154,"ZT1b",3.43044552,"Tuesday",2024,"tchain"
154,"ZT2",1.5,"Tuesday",2024,"tchain"
155,"ZT1a",1.638770553,"Tuesday",2024,"tchain"
155,"ZT1b",3.459496918,"Tuesday",2024,"tchain"
155,"ZT2",1.5,"Tuesday",2024,"tchain"
156,"ZT1a",1.536724675,"Tuesday",2024,"tchain"
156,"ZT1b",3.470795988,"Tuesday",2024,"tchain"
156,"ZT2",1.5,"Tuesday",2024,"tchain"
158,"ZT1a",1.635977687,"Tuesday",2024,"tchain"
158,"ZT1b",3.514743052,"Tuesday",2024,"tchain"
158,"ZT2",1.5,"Tuesday",2024,"tchain"
159,"ZT1a",1.960299412,"Tuesday",2024,"tchain"
159,"ZT1b",3.526599304,"Tuesday",2024,"tchain"
159,"ZT2",2,"Tuesday",2024,"tchain"
160,"ZT1a",1.953671801,"Tuesday",2024,"tchain"
160,"ZT1b",3.548368197,"Tuesday",2024,"tchain"
160,"ZT2",2,"Tuesday",2024,"tchain"
161,"ZT1a",1.999902872,"Tuesday",2024,"tchain"
161,"ZT1b",3.550549851,"Tuesday",2024,"tchain"
161,"ZT2",2,"Tuesday",2024,"tchain"
162,"ZT1a",2.1476706,"Tuesday",2024,"tchain"
162,"ZT1b",3.570278916,"Tuesday",2024,"tchain"
162,"ZT2",2,"Tuesday",2024,"tchain"
163,"ZT1a",2.139081162,"Tuesday",2024,"tchain"
163,"ZT1b",3.581435063,"Tuesday",2024,"tchain"
163,"ZT2",2,"Tuesday",2024,"tchain"
164,"ZT1a",2.229331438,"Tuesday",2024,"tchain"
164,"ZT1b",3.599889336,"Tuesday",2024,"tchain"
164,"ZT2",2,"Tuesday",2024,"tchain"
165,"ZT1a",2.237969007,"Tuesday",2024,"tchain"
165,"ZT1b",3.616952235,"Tuesday",2024,"tchain"
165,"ZT2",2.5,"Tuesday",2024,"tchain"
166,"ZT1a",2.167332671,"Tuesday",2024,"tchain"
166,"ZT1b",3.634544424,"Tuesday",2024,"tchain"
166,"ZT2",2.5,"Tuesday",2024,"tchain"
167,"ZT1a",2.090263158,"Tuesday",2024,"tchain"
167,"ZT1b",3.635700373,"Tuesday",2024,"tchain"
167,"ZT2",2.5,"Tuesday",2024,"tchain"
168,"ZT1a",2.012137618,"Tuesday",2024,"tchain"
168,"ZT1b",3.671460866,"Tuesday",2024,"tchain"
168,"ZT2",1.5,"Tuesday",2024,"tchain"
169,"ZT1a",2.033373658,"Tuesday",2024,"tchain"
169,"ZT1b",3.723881378,"Tuesday",2024,"tchain"
169,"ZT2",1.5,"Tuesday",2024,"tchain"
170,"ZT1a",0,"Tuesday",2024,"tchain"
170,"ZT1b",0,"Tuesday",2024,"tchain"
170,"ZT2",2,"Tuesday",2024,"tchain"
171,"ZT1a",0,"Tuesday",2024,"tchain"
171,"ZT1b",0,"Tuesday",2024,"tchain"
171,"ZT2",1,"Tuesday",2024,"tchain"
172,"ZT1a",1.631461187,"Tuesday",2024,"tchain"
172,"ZT1b",3.767663864,"Tuesday",2024,"tchain"
172,"ZT2",1,"Tuesday",2024,"tchain"
173,"ZT1a",1.720659798,"Tuesday",2024,"tchain"
173,"ZT1b",3.765530974,"Tuesday",2024,"tchain"
173,"ZT2",1.5,"Tuesday",2024,"tchain"
174,"ZT1a",1.991219952,"Tuesday",2024,"tchain"
174,"ZT1b",3.803027509,"Tuesday",2024,"tchain"
174,"ZT2",2,"Tuesday",2024,"tchain"
175,"ZT1a",2.056052995,"Tuesday",2024,"tchain"
175,"ZT1b",3.818637377,"Tuesday",2024,"tchain"
175,"ZT2",2,"Tuesday",2024,"tchain"
176,"ZT1a",2.014703502,"Tuesday",2024,"tchain"
176,"ZT1b",3.846802464,"Tuesday",2024,"tchain"
176,"ZT2",2,"Tuesday",2024,"tchain"
177,"ZT1a",0,"Tuesday",2024,"tchain"
177,"ZT1b",0,"Tuesday",2024,"tchain"
177,"ZT2",2,"Tuesday",2024,"tchain"
178,"ZT1a",1.831859387,"Tuesday",2024,"tchain"
178,"ZT1b",3.856833393,"Tuesday",2024,"tchain"
178,"ZT2",1,"Tuesday",2024,"tchain"
179,"ZT1a",1.875658484,"Tuesday",2024,"tchain"
179,"ZT1b",3.874788129,"Tuesday",2024,"tchain"
179,"ZT2",1.5,"Tuesday",2024,"tchain"
180,"ZT1a",2.006603422,"Tuesday",2024,"tchain"
180,"ZT1b",3.844715544,"Tuesday",2024,"tchain"
180,"ZT2",2,"Tuesday",2024,"tchain"
181,"ZT1a",2.035308243,"Tuesday",2024,"tchain"
181,"ZT1b",3.856422064,"Tuesday",2024,"tchain"
181,"ZT2",2,"Tuesday",2024,"tchain"
182,"ZT1a",2.084003953,"Tuesday",2024,"tchain"
182,"ZT1b",3.851817816,"Tuesday",2024,"tchain"
182,"ZT2",2,"Tuesday",2024,"tchain"
183,"ZT1a",2.065137385,"Tuesday",2024,"tchain"
183,"ZT1b",3.901986711,"Tuesday",2024,"tchain"
183,"ZT2",2,"Tuesday",2024,"tchain"
184,"ZT1a",2.120345462,"Tuesday",2024,"tchain"
184,"ZT1b",3.877033112,"Tuesday",2024,"tchain"
184,"ZT2",2,"Tuesday",2024,"tchain"
185,"ZT1a",2.21017541,"Tuesday",2024,"tchain"
185,"ZT1b",3.877774745,"Tuesday",2024,"tchain"
185,"ZT2",2,"Tuesday",2024,"tchain"
186,"ZT1a",2.196915216,"Tuesday",2024,"tchain"
186,"ZT1b",3.913663957,"Tuesday",2024,"tchain"
186,"ZT2",2,"Tuesday",2024,"tchain"
187,"ZT1a",2.207982856,"Tuesday",2024,"tchain"
187,"ZT1b",3.924733107,"Tuesday",2024,"tchain"
187,"ZT2",2.5,"Tuesday",2024,"tchain"
188,"ZT1a",2.139874214,"Tuesday",2024,"tchain"
188,"ZT1b",3.936538151,"Tuesday",2024,"tchain"
188,"ZT2",2.5,"Tuesday",2024,"tchain"
189,"ZT1a",2.093194928,"Tuesday",2024,"tchain"
189,"ZT1b",3.921603165,"Tuesday",2024,"tchain"
189,"ZT2",2.5,"Tuesday",2024,"tchain"
190,"ZT1a",2.132848867,"Tuesday",2024,"tchain"
190,"ZT1b",3.998089844,"Tuesday",2024,"tchain"
190,"ZT2",2.5,"Tuesday",2024,"tchain"
191,"ZT1a",2.030566857,"Tuesday",2024,"tchain"
191,"ZT1b",3.994977284,"Tuesday",2024,"tchain"
191,"ZT2",2.5,"Tuesday",2024,"tchain"
192,"ZT1a",1.874558516,"Tuesday",2024,"tchain"
192,"ZT1b",4.020424144,"Tuesday",2024,"tchain"
192,"ZT2",2.5,"Tuesday",2024,"tchain"
193,"ZT1a",1.669753843,"Tuesday",2024,"tchain"
193,"ZT1b",4.014202381,"Tuesday",2024,"tchain"
193,"ZT2",1.5,"Tuesday",2024,"tchain"
194,"ZT1a",1.529201911,"Tuesday",2024,"tchain"
194,"ZT1b",4.011354856,"Tuesday",2024,"tchain"
194,"ZT2",1.5,"Tuesday",2024,"tchain"
195,"ZT1a",1.371145374,"Tuesday",2024,"tchain"
195,"ZT1b",4.016136973,"Tuesday",2024,"tchain"
195,"ZT2",1,"Tuesday",2024,"tchain"
196,"ZT1a",1.479268909,"Tuesday",2024,"tchain"
196,"ZT1b",4.043910514,"Tuesday",2024,"tchain"
196,"ZT2",1.5,"Tuesday",2024,"tchain"
197,"ZT1a",1.446901041,"Tuesday",2024,"tchain"
197,"ZT1b",4.0429531,"Tuesday",2024,"tchain"
197,"ZT2",1.5,"Tuesday",2024,"tchain"
198,"ZT1a",1.516638558,"Tuesday",2024,"tchain"
198,"ZT1b",4.032419384,"Tuesday",2024,"tchain"
198,"ZT2",1.5,"Tuesday",2024,"tchain"
199,"ZT1a",1.835604014,"Tuesday",2024,"tchain"
199,"ZT1b",4.029664821,"Tuesday",2024,"tchain"
199,"ZT2",1.5,"Tuesday",2024,"tchain"
200,"ZT1a",2.012170406,"Tuesday",2024,"tchain"
200,"ZT1b",4.044594121,"Tuesday",2024,"tchain"
200,"ZT2",2,"Tuesday",2024,"tchain"
201,"ZT1a",1.998315824,"Tuesday",2024,"tchain"
201,"ZT1b",4.04765523,"Tuesday",2024,"tchain"
201,"ZT2",2,"Tuesday",2024,"tchain"
202,"ZT1a",1.959122444,"Tuesday",2024,"tchain"
202,"ZT1b",4.045674646,"Tuesday",2024,"tchain"
202,"ZT2",2,"Tuesday",2024,"tchain"
203,"ZT1a",1.879642709,"Tuesday",2024,"tchain"
203,"ZT1b",4.058769491,"Tuesday",2024,"tchain"
203,"ZT2",2,"Tuesday",2024,"tchain"
204,"ZT1a",1.827102411,"Tuesday",2024,"tchain"
204,"ZT1b",4.053011827,"Tuesday",2024,"tchain"
204,"ZT2",1.5,"Tuesday",2024,"tchain"
205,"ZT1a",1.930299,"Tuesday",2024,"tchain"
205,"ZT1b",4.063347377,"Tuesday",2024,"tchain"
205,"ZT2",2,"Tuesday",2024,"tchain"
206,"ZT1a",2.025693914,"Tuesday",2024,"tchain"
206,"ZT1b",4.071127365,"Tuesday",2024,"tchain"
206,"ZT2",2,"Tuesday",2024,"tchain"
208,"ZT1a",2.002160016,"Tuesday",2024,"tchain"
208,"ZT1b",4.101175848,"Tuesday",2024,"tchain"
208,"ZT2",2,"Tuesday",2024,"tchain"
209,"ZT1a",1.94860225,"Tuesday",2024,"tchain"
209,"ZT1b",4.090486654,"Tuesday",2024,"tchain"
209,"ZT2",2,"Tuesday",2024,"tchain"
210,"ZT1a",1.89872525,"Tuesday",2024,"tchain"
210,"ZT1b",4.100787993,"Tuesday",2024,"tchain"
210,"ZT2",2,"Tuesday",2024,"tchain"
211,"ZT1a",1.841210665,"Tuesday",2024,"tchain"
211,"ZT1b",4.101382121,"Tuesday",2024,"tchain"
211,"ZT2",2,"Tuesday",2024,"tchain"
212,"ZT1a",1.736661903,"Tuesday",2024,"tchain"
212,"ZT1b",4.126310064,"Tuesday",2024,"tchain"
212,"ZT2",1.5,"Tuesday",2024,"tchain"
213,"ZT1a",1.698575303,"Tuesday",2024,"tchain"
213,"ZT1b",4.112151856,"Tuesday",2024,"tchain"
213,"ZT2",1.5,"Tuesday",2024,"tchain"
214,"ZT1a",1.694235027,"Tuesday",2024,"tchain"
214,"ZT1b",4.129509698,"Tuesday",2024,"tchain"
214,"ZT2",1.5,"Tuesday",2024,"tchain"
215,"ZT1a",1.706814928,"Tuesday",2024,"tchain"
215,"ZT1b",4.151284043,"Tuesday",2024,"tchain"
215,"ZT2",1.5,"Tuesday",2024,"tchain"
216,"ZT1a",1.674791642,"Tuesday",2024,"tchain"
216,"ZT1b",4.124497609,"Tuesday",2024,"tchain"
216,"ZT2",1.5,"Tuesday",2024,"tchain"
217,"ZT1a",1.69575132,"Tuesday",2024,"tchain"
217,"ZT1b",4.232827832,"Tuesday",2024,"tchain"
217,"ZT2",1.5,"Tuesday",2024,"tchain"
218,"ZT1a",1.930786895,"Tuesday",2024,"tchain"
218,"ZT1b",4.152230866,"Tuesday",2024,"tchain"
218,"ZT2",2,"Tuesday",2024,"tchain"
219,"ZT1a",2.063690036,"Tuesday",2024,"tchain"
219,"ZT1b",4.172977954,"Tuesday",2024,"tchain"
219,"ZT2",2,"Tuesday",2024,"tchain"
220,"ZT1a",2.100037057,"Tuesday",2024,"tchain"
220,"ZT1b",4.150153998,"Tuesday",2024,"tchain"
220,"ZT2",2,"Tuesday",2024,"tchain"
221,"ZT1a",2.157328693,"Tuesday",2024,"tchain"
221,"ZT1b",4.151438858,"Tuesday",2024,"tchain"
221,"ZT2",2,"Tuesday",2024,"tchain"
222,"ZT1a",2.410326526,"Tuesday",2024,"tchain"
222,"ZT1b",4.134104705,"Tuesday",2024,"tchain"
222,"ZT2",2.5,"Tuesday",2024,"tchain"
223,"ZT1a",2.553255763,"Tuesday",2024,"tchain"
223,"ZT1b",4.141868364,"Tuesday",2024,"tchain"
223,"ZT2",2.5,"Tuesday",2024,"tchain"
224,"ZT1a",2.71318317,"Tuesday",2024,"tchain"
224,"ZT1b",4.165490849,"Tuesday",2024,"tchain"
224,"ZT2",2.5,"Tuesday",2024,"tchain"
225,"ZT1a",2.708822334,"Tuesday",2024,"tchain"
225,"ZT1b",4.153292069,"Tuesday",2024,"tchain"
225,"ZT2",2.5,"Tuesday",2024,"tchain"
226,"ZT1a",2.6983673,"Tuesday",2024,"tchain"
226,"ZT1b",4.16088769,"Tuesday",2024,"tchain"
226,"ZT2",2.5,"Tuesday",2024,"tchain"
227,"ZT1a",2.672712543,"Tuesday",2024,"tchain"
227,"ZT1b",4.196385629,"Tuesday",2024,"tchain"
227,"ZT2",2.5,"Tuesday",2024,"tchain"
228,"ZT1a",2.655804916,"Tuesday",2024,"tchain"
228,"ZT1b",4.198837809,"Tuesday",2024,"tchain"
228,"ZT2",2.5,"Tuesday",2024,"tchain"
229,"ZT1a",2.673580428,"Tuesday",2024,"tchain"
229,"ZT1b",4.207509754,"Tuesday",2024,"tchain"
229,"ZT2",3,"Tuesday",2024,"tchain"
230,"ZT1a",2.656718119,"Tuesday",2024,"tchain"
230,"ZT1b",4.220133715,"Tuesday",2024,"tchain"
230,"ZT2",3,"Tuesday",2024,"tchain"
231,"ZT1a",2.619966933,"Tuesday",2024,"tchain"
231,"ZT1b",4.227244772,"Tuesday",2024,"tchain"
231,"ZT2",3,"Tuesday",2024,"tchain"
232,"ZT1a",2.596909611,"Tuesday",2024,"tchain"
232,"ZT1b",4.248082513,"Tuesday",2024,"tchain"
232,"ZT2",3,"Tuesday",2024,"tchain"
233,"ZT1a",2.540266788,"Tuesday",2024,"tchain"
233,"ZT1b",2.540266788,"Tuesday",2024,"tchain"
233,"ZT2",2,"Tuesday",2024,"tchain"
234,"ZT1a",2.525098437,"Tuesday",2024,"tchain"
234,"ZT1b",2.525098437,"Tuesday",2024,"tchain"
234,"ZT2",2,"Tuesday",2024,"tchain"
235,"ZT1a",2.502535383,"Tuesday",2024,"tchain"
235,"ZT1b",4.241405778,"Tuesday",2024,"tchain"
235,"ZT2",2.5,"Tuesday",2024,"tchain"
236,"ZT1a",2.482232781,"Tuesday",2024,"tchain"
236,"ZT1b",2.482232781,"Tuesday",2024,"tchain"
236,"ZT2",2.5,"Tuesday",2024,"tchain"
237,"ZT1a",2.472338833,"Tuesday",2024,"tchain"
237,"ZT1b",4.242783807,"Tuesday",2024,"tchain"
237,"ZT2",2.5,"Tuesday",2024,"tchain"
238,"ZT1a",2.437211915,"Tuesday",2024,"tchain"
238,"ZT1b",4.249459302,"Tuesday",2024,"tchain"
238,"ZT2",2.5,"Tuesday",2024,"tchain"
239,"ZT1a",2.42245924,"Tuesday",2024,"tchain"
239,"ZT1b",2.42245924,"Tuesday",2024,"tchain"
239,"ZT2",2.5,"Tuesday",2024,"tchain"
136,"ZT1a",2.010017157,"Peter",2024,"tchain"
136,"ZT1b",2.969105146,"Peter",2024,"tchain"
136,"ZT2",2,"Peter",2024,"tchain"
137,"ZT1a",2.031935084,"Peter",2024,"tchain"
137,"ZT1b",3.010595989,"Peter",2024,"tchain"
137,"ZT2",2,"Peter",2024,"tchain"
138,"ZT1a",2.089137062,"Peter",2024,"tchain"
138,"ZT1b",3.070463667,"Peter",2024,"tchain"
138,"ZT2",2,"Peter",2024,"tchain"
139,"ZT1a",2.056983137,"Peter",2024,"tchain"
139,"ZT1b",3.12196586,"Peter",2024,"tchain"
139,"ZT2",2,"Peter",2024,"tchain"
140,"ZT1a",1.974809911,"Peter",2024,"tchain"
140,"ZT1b",3.14665601,"Peter",2024,"tchain"
140,"ZT2",2,"Peter",2024,"tchain"
141,"ZT1a",1.843596499,"Peter",2024,"tchain"
141,"ZT1b",3.142155876,"Peter",2024,"tchain"
141,"ZT2",1,"Peter",2024,"tchain"
142,"ZT1a",1.717433324,"Peter",2024,"tchain"
142,"ZT1b",3.17340516,"Peter",2024,"tchain"
142,"ZT2",1.5,"Peter",2024,"tchain"
143,"ZT1a",1.985650361,"Peter",2024,"tchain"
143,"ZT1b",3.245977175,"Peter",2024,"tchain"
143,"ZT2",2,"Peter",2024,"tchain"
144,"ZT1a",2.089085096,"Peter",2024,"tchain"
144,"ZT1b",3.236485217,"Peter",2024,"tchain"
144,"ZT2",2,"Peter",2024,"tchain"
145,"ZT1a",2.063401268,"Peter",2024,"tchain"
145,"ZT1b",3.295994217,"Peter",2024,"tchain"
145,"ZT2",2,"Peter",2024,"tchain"
146,"ZT1a",2.126134991,"Peter",2024,"tchain"
146,"ZT1b",3.379590392,"Peter",2024,"tchain"
146,"ZT2",2,"Peter",2024,"tchain"
147,"ZT1a",2.097329028,"Peter",2024,"tchain"
147,"ZT1b",3.317845743,"Peter",2024,"tchain"
147,"ZT2",2,"Peter",2024,"tchain"
148,"ZT1a",2.12005277,"Peter",2024,"tchain"
148,"ZT1b",3.398835873,"Peter",2024,"tchain"
148,"ZT2",2,"Peter",2024,"tchain"
149,"ZT1a",2.101458967,"Peter",2024,"tchain"
149,"ZT1b",3.396887191,"Peter",2024,"tchain"
149,"ZT2",2,"Peter",2024,"tchain"
150,"ZT1a",2.159771731,"Peter",2024,"tchain"
150,"ZT1b",3.471164083,"Peter",2024,"tchain"
150,"ZT2",2,"Peter",2024,"tchain"
151,"ZT1a",2.148182704,"Peter",2024,"tchain"
151,"ZT1b",3.486177373,"Peter",2024,"tchain"
151,"ZT2",2,"Peter",2024,"tchain"
152,"ZT1a",2.084577421,"Peter",2024,"tchain"
152,"ZT1b",3.502769872,"Peter",2024,"tchain"
152,"ZT2",2,"Peter",2024,"tchain"
153,"ZT1a",2.033341596,"Peter",2024,"tchain"
153,"ZT1b",3.519998962,"Peter",2024,"tchain"
153,"ZT2",1.5,"Peter",2024,"tchain"
154,"ZT1a",1.990568288,"Peter",2024,"tchain"
154,"ZT1b",3.520629259,"Peter",2024,"tchain"
154,"ZT2",1.5,"Peter",2024,"tchain"
155,"ZT1a",1.870145037,"Peter",2024,"tchain"
155,"ZT1b",3.551028908,"Peter",2024,"tchain"
155,"ZT2",1.5,"Peter",2024,"tchain"
156,"ZT1a",1.716730665,"Peter",2024,"tchain"
156,"ZT1b",3.57843719,"Peter",2024,"tchain"
156,"ZT2",1.5,"Peter",2024,"tchain"
157,"ZT1a",1.635713781,"Peter",2024,"tchain"
157,"ZT1b",3.587394568,"Peter",2024,"tchain"
157,"ZT2",1.5,"Peter",2024,"tchain"
158,"ZT1a",1.919230236,"Peter",2024,"tchain"
158,"ZT1b",3.590581644,"Peter",2024,"tchain"
158,"ZT2",2,"Peter",2024,"tchain"
159,"ZT1a",2.069645894,"Peter",2024,"tchain"
159,"ZT1b",3.620481416,"Peter",2024,"tchain"
159,"ZT2",2,"Peter",2024,"tchain"
160,"ZT1a",2.073389917,"Peter",2024,"tchain"
160,"ZT1b",3.622032542,"Peter",2024,"tchain"
160,"ZT2",2,"Peter",2024,"tchain"
161,"ZT1a",2.113552666,"Peter",2024,"tchain"
161,"ZT1b",3.632503718,"Peter",2024,"tchain"
161,"ZT2",2,"Peter",2024,"tchain"
162,"ZT1a",2.408788868,"Peter",2024,"tchain"
162,"ZT1b",3.650067654,"Peter",2024,"tchain"
162,"ZT2",2.5,"Peter",2024,"tchain"
163,"ZT1a",2.351508401,"Peter",2024,"tchain"
163,"ZT1b",3.646012267,"Peter",2024,"tchain"
163,"ZT2",2.5,"Peter",2024,"tchain"
164,"ZT1a",2.450296226,"Peter",2024,"tchain"
164,"ZT1b",3.667526071,"Peter",2024,"tchain"
164,"ZT2",2.5,"Peter",2024,"tchain"
165,"ZT1a",2.435363276,"Peter",2024,"tchain"
165,"ZT1b",3.734654773,"Peter",2024,"tchain"
165,"ZT2",2.5,"Peter",2024,"tchain"
166,"ZT1a",2.395830495,"Peter",2024,"tchain"
166,"ZT1b",3.733175554,"Peter",2024,"tchain"
166,"ZT2",2.5,"Peter",2024,"tchain"
167,"ZT1a",2.343452294,"Peter",2024,"tchain"
167,"ZT1b",3.76043956,"Peter",2024,"tchain"
167,"ZT2",2.5,"Peter",2024,"tchain"
168,"ZT1a",2.256266144,"Peter",2024,"tchain"
168,"ZT1b",3.787807833,"Peter",2024,"tchain"
168,"ZT2",2,"Peter",2024,"tchain"
169,"ZT1a",2.194348006,"Peter",2024,"tchain"
169,"ZT1b",3.813107466,"Peter",2024,"tchain"
169,"ZT2",2,"Peter",2024,"tchain"
170,"ZT1a",2.105584749,"Peter",2024,"tchain"
170,"ZT1b",3.799685968,"Peter",2024,"tchain"
170,"ZT2",2,"Peter",2024,"tchain"
171,"ZT1a",0,"Peter",2024,"tchain"
171,"ZT1b",0,"Peter",2024,"tchain"
171,"ZT2",1,"Peter",2024,"tchain"
172,"ZT1a",1.678351172,"Peter",2024,"tchain"
172,"ZT1b",3.872785907,"Peter",2024,"tchain"
172,"ZT2",1.5,"Peter",2024,"tchain"
173,"ZT1a",2.00191974,"Peter",2024,"tchain"
173,"ZT1b",3.878727973,"Peter",2024,"tchain"
173,"ZT2",1.5,"Peter",2024,"tchain"
174,"ZT1a",2.094602459,"Peter",2024,"tchain"
174,"ZT1b",3.88680356,"Peter",2024,"tchain"
174,"ZT2",2,"Peter",2024,"tchain"
175,"ZT1a",2.148528198,"Peter",2024,"tchain"
175,"ZT1b",3.929775582,"Peter",2024,"tchain"
175,"ZT2",2,"Peter",2024,"tchain"
176,"ZT1a",2.122443943,"Peter",2024,"tchain"
176,"ZT1b",3.9028554,"Peter",2024,"tchain"
176,"ZT2",2,"Peter",2024,"tchain"
177,"ZT1a",2.093300823,"Peter",2024,"tchain"
177,"ZT1b",3.894110242,"Peter",2024,"tchain"
177,"ZT2",2,"Peter",2024,"tchain"
178,"ZT1a",2.038292981,"Peter",2024,"tchain"
178,"ZT1b",3.903757042,"Peter",2024,"tchain"
178,"ZT2",1,"Peter",2024,"tchain"
179,"ZT1a",2.059329761,"Peter",2024,"tchain"
179,"ZT1b",3.908025057,"Peter",2024,"tchain"
179,"ZT2",2,"Peter",2024,"tchain"
180,"ZT1a",2.073185878,"Peter",2024,"tchain"
180,"ZT1b",3.920402486,"Peter",2024,"tchain"
180,"ZT2",2,"Peter",2024,"tchain"
181,"ZT1a",2.088581367,"Peter",2024,"tchain"
181,"ZT1b",3.932601453,"Peter",2024,"tchain"
181,"ZT2",2,"Peter",2024,"tchain"
182,"ZT1a",2.169344413,"Peter",2024,"tchain"
182,"ZT1b",3.901463318,"Peter",2024,"tchain"
182,"ZT2",2,"Peter",2024,"tchain"
183,"ZT1a",2.160228509,"Peter",2024,"tchain"
183,"ZT1b",3.926411081,"Peter",2024,"tchain"
183,"ZT2",2,"Peter",2024,"tchain"
184,"ZT1a",2.176203984,"Peter",2024,"tchain"
184,"ZT1b",3.937338515,"Peter",2024,"tchain"
184,"ZT2",2,"Peter",2024,"tchain"
185,"ZT1a",2.284053828,"Peter",2024,"tchain"
185,"ZT1b",3.940623211,"Peter",2024,"tchain"
185,"ZT2",2,"Peter",2024,"tchain"
186,"ZT1a",2.240935245,"Peter",2024,"tchain"
186,"ZT1b",3.92006857,"Peter",2024,"tchain"
186,"ZT2",2,"Peter",2024,"tchain"
187,"ZT1a",2.259867789,"Peter",2024,"tchain"
187,"ZT1b",3.93625224,"Peter",2024,"tchain"
187,"ZT2",2,"Peter",2024,"tchain"
188,"ZT1a",2.235765987,"Peter",2024,"tchain"
188,"ZT1b",3.934165382,"Peter",2024,"tchain"
188,"ZT2",2.5,"Peter",2024,"tchain"
189,"ZT1a",2.1490138,"Peter",2024,"tchain"
189,"ZT1b",3.938183387,"Peter",2024,"tchain"
189,"ZT2",2,"Peter",2024,"tchain"
190,"ZT1a",2.172960394,"Peter",2024,"tchain"
190,"ZT1b",3.973849793,"Peter",2024,"tchain"
190,"ZT2",1.5,"Peter",2024,"tchain"
191,"ZT1a",2.140000518,"Peter",2024,"tchain"
191,"ZT1b",3.995842304,"Peter",2024,"tchain"
191,"ZT2",1.5,"Peter",2024,"tchain"
192,"ZT1a",1.999521776,"Peter",2024,"tchain"
192,"ZT1b",3.998472357,"Peter",2024,"tchain"
192,"ZT2",2,"Peter",2024,"tchain"
193,"ZT1a",1.822616839,"Peter",2024,"tchain"
193,"ZT1b",4.010233473,"Peter",2024,"tchain"
193,"ZT2",2,"Peter",2024,"tchain"
194,"ZT1a",1.579194002,"Peter",2024,"tchain"
194,"ZT1b",4.014634362,"Peter",2024,"tchain"
194,"ZT2",1,"Peter",2024,"tchain"
195,"ZT1a",1.324291667,"Peter",2024,"tchain"
195,"ZT1b",4.016416665,"Peter",2024,"tchain"
195,"ZT2",1,"Peter",2024,"tchain"
196,"ZT1a",1.45418603,"Peter",2024,"tchain"
196,"ZT1b",4.013316267,"Peter",2024,"tchain"
196,"ZT2",1.5,"Peter",2024,"tchain"
197,"ZT1a",1.403000922,"Peter",2024,"tchain"
197,"ZT1b",4.028588059,"Peter",2024,"tchain"
197,"ZT2",1.5,"Peter",2024,"tchain"
198,"ZT1a",1.500697013,"Peter",2024,"tchain"
198,"ZT1b",4.008034289,"Peter",2024,"tchain"
198,"ZT2",1.5,"Peter",2024,"tchain"
199,"ZT1a",1.72101873,"Peter",2024,"tchain"
199,"ZT1b",4.017022548,"Peter",2024,"tchain"
199,"ZT2",1.5,"Peter",2024,"tchain"
200,"ZT1a",2.031291721,"Peter",2024,"tchain"
200,"ZT1b",4.027180029,"Peter",2024,"tchain"
200,"ZT2",2,"Peter",2024,"tchain"
201,"ZT1a",2.018868254,"Peter",2024,"tchain"
201,"ZT1b",4.003947707,"Peter",2024,"tchain"
201,"ZT2",2,"Peter",2024,"tchain"
202,"ZT1a",2.00678598,"Peter",2024,"tchain"
202,"ZT1b",3.993221301,"Peter",2024,"tchain"
202,"ZT2",2,"Peter",2024,"tchain"
203,"ZT1a",1.96874292,"Peter",2024,"tchain"
203,"ZT1b",3.997101843,"Peter",2024,"tchain"
203,"ZT2",2,"Peter",2024,"tchain"
204,"ZT1a",1.918182117,"Peter",2024,"tchain"
204,"ZT1b",3.995801671,"Peter",2024,"tchain"
204,"ZT2",2,"Peter",2024,"tchain"
205,"ZT1a",1.88365072,"Peter",2024,"tchain"
205,"ZT1b",4.002941802,"Peter",2024,"tchain"
205,"ZT2",1.5,"Peter",2024,"tchain"
206,"ZT1a",2.031760902,"Peter",2024,"tchain"
206,"ZT1b",4.021476597,"Peter",2024,"tchain"
206,"ZT2",2,"Peter",2024,"tchain"
207,"ZT1a",2.046143144,"Peter",2024,"tchain"
207,"ZT1b",4.006355201,"Peter",2024,"tchain"
207,"ZT2",2,"Peter",2024,"tchain"
208,"ZT1a",2.004308747,"Peter",2024,"tchain"
208,"ZT1b",4.007453942,"Peter",2024,"tchain"
208,"ZT2",2,"Peter",2024,"tchain"
209,"ZT1a",1.936344984,"Peter",2024,"tchain"
209,"ZT1b",3.9980141,"Peter",2024,"tchain"
209,"ZT2",2,"Peter",2024,"tchain"
210,"ZT1a",1.858017215,"Peter",2024,"tchain"
210,"ZT1b",4.001939406,"Peter",2024,"tchain"
210,"ZT2",2,"Peter",2024,"tchain"
211,"ZT1a",1.752434911,"Peter",2024,"tchain"
211,"ZT1b",4.023738941,"Peter",2024,"tchain"
211,"ZT2",1,"Peter",2024,"tchain"
212,"ZT1a",1.595413901,"Peter",2024,"tchain"
212,"ZT1b",4.031060239,"Peter",2024,"tchain"
212,"ZT2",1,"Peter",2024,"tchain"
213,"ZT1a",1.608974733,"Peter",2024,"tchain"
213,"ZT1b",4.045786824,"Peter",2024,"tchain"
213,"ZT2",1.5,"Peter",2024,"tchain"
214,"ZT1a",1.559145998,"Peter",2024,"tchain"
214,"ZT1b",4.042036316,"Peter",2024,"tchain"
214,"ZT2",1.5,"Peter",2024,"tchain"
215,"ZT1a",1.599003636,"Peter",2024,"tchain"
215,"ZT1b",4.041386185,"Peter",2024,"tchain"
215,"ZT2",1.5,"Peter",2024,"tchain"
216,"ZT1a",1.572325507,"Peter",2024,"tchain"
216,"ZT1b",4.027062488,"Peter",2024,"tchain"
216,"ZT2",1.5,"Peter",2024,"tchain"
217,"ZT1a",1.604968525,"Peter",2024,"tchain"
217,"ZT1b",4.027731604,"Peter",2024,"tchain"
217,"ZT2",1.5,"Peter",2024,"tchain"
218,"ZT1a",1.733585162,"Peter",2024,"tchain"
218,"ZT1b",4.04763838,"Peter",2024,"tchain"
218,"ZT2",1.5,"Peter",2024,"tchain"
219,"ZT1a",2.010863394,"Peter",2024,"tchain"
219,"ZT1b",4.054746612,"Peter",2024,"tchain"
219,"ZT2",2,"Peter",2024,"tchain"
220,"ZT1a",2.032302227,"Peter",2024,"tchain"
220,"ZT1b",4.05186942,"Peter",2024,"tchain"
220,"ZT2",2,"Peter",2024,"tchain"
221,"ZT1a",2.066829977,"Peter",2024,"tchain"
221,"ZT1b",4.042321368,"Peter",2024,"tchain"
221,"ZT2",2,"Peter",2024,"tchain"
222,"ZT1a",2.284053713,"Peter",2024,"tchain"
222,"ZT1b",4.044855766,"Peter",2024,"tchain"
222,"ZT2",2,"Peter",2024,"tchain"
223,"ZT1a",2.515934095,"Peter",2024,"tchain"
223,"ZT1b",4.048175152,"Peter",2024,"tchain"
223,"ZT2",2.5,"Peter",2024,"tchain"
224,"ZT1a",2.611237217,"Peter",2024,"tchain"
224,"ZT1b",4.069630106,"Peter",2024,"tchain"
224,"ZT2",2.5,"Peter",2024,"tchain"
225,"ZT1a",2.633457937,"Peter",2024,"tchain"
225,"ZT1b",4.102283124,"Peter",2024,"tchain"
225,"ZT2",2.5,"Peter",2024,"tchain"
226,"ZT1a",2.626795974,"Peter",2024,"tchain"
226,"ZT1b",4.110512326,"Peter",2024,"tchain"
226,"ZT2",2.5,"Peter",2024,"tchain"
227,"ZT1a",2.607234315,"Peter",2024,"tchain"
227,"ZT1b",4.109871319,"Peter",2024,"tchain"
227,"ZT2",2.5,"Peter",2024,"tchain"
228,"ZT1a",2.607751711,"Peter",2024,"tchain"
228,"ZT1b",4.091014992,"Peter",2024,"tchain"
228,"ZT2",2.5,"Peter",2024,"tchain"
229,"ZT1a",2.609501039,"Peter",2024,"tchain"
229,"ZT1b",4.131109784,"Peter",2024,"tchain"
229,"ZT2",2.5,"Peter",2024,"tchain"
230,"ZT1a",2.612261762,"Peter",2024,"tchain"
230,"ZT1b",4.158195418,"Peter",2024,"tchain"
230,"ZT2",2.5,"Peter",2024,"tchain"
231,"ZT1a",2.576698811,"Peter",2024,"tchain"
231,"ZT1b",4.167585848,"Peter",2024,"tchain"
231,"ZT2",2,"Peter",2024,"tchain"
232,"ZT1a",2.532083863,"Peter",2024,"tchain"
232,"ZT1b",4.174965475,"Peter",2024,"tchain"
232,"ZT2",2,"Peter",2024,"tchain"
233,"ZT1a",2.567894463,"Peter",2024,"tchain"
233,"ZT1b",4.198624261,"Peter",2024,"tchain"
233,"ZT2",2.5,"Peter",2024,"tchain"
234,"ZT1a",2.54707859,"Peter",2024,"tchain"
234,"ZT1b",4.247433273,"Peter",2024,"tchain"
234,"ZT2",2.5,"Peter",2024,"tchain"
235,"ZT1a",2.52576913,"Peter",2024,"tchain"
235,"ZT1b",4.230579242,"Peter",2024,"tchain"
235,"ZT2",2.5,"Peter",2024,"tchain"
236,"ZT1a",2.502745531,"Peter",2024,"tchain"
236,"ZT1b",4.241373882,"Peter",2024,"tchain"
236,"ZT2",2.5,"Peter",2024,"tchain"
237,"ZT1a",2.492367949,"Peter",2024,"tchain"
237,"ZT1b",4.247915388,"Peter",2024,"tchain"
237,"ZT2",2.5,"Peter",2024,"tchain"
238,"ZT1a",2.480235609,"Peter",2024,"tchain"
238,"ZT1b",4.197722437,"Peter",2024,"tchain"
238,"ZT2",2.5,"Peter",2024,"tchain"
239,"ZT1a",2.438624007,"Peter",2024,"tchain"
239,"ZT1b",2.438624007,"Peter",2024,"tchain"
239,"ZT2",2.5,"Peter",2024,"tchain"
156,"ZT1a",2.459356416,"Paul",2024,"tchain"
156,"ZT1b",3.647083686,"Paul",2024,"tchain"
156,"ZT2",2.5,"Paul",2024,"tchain"
157,"ZT1a",2.421987246,"Paul",2024,"tchain"
157,"ZT1b",3.674807969,"Paul",2024,"tchain"
157,"ZT2",2.5,"Paul",2024,"tchain"
158,"ZT1a",2.319878015,"Paul",2024,"tchain"
158,"ZT1b",3.695935841,"Paul",2024,"tchain"
158,"ZT2",2,"Paul",2024,"tchain"
159,"ZT1a",2.556640224,"Paul",2024,"tchain"
159,"ZT1b",3.716157364,"Paul",2024,"tchain"
159,"ZT2",2.5,"Paul",2024,"tchain"
160,"ZT1a",2.555580827,"Paul",2024,"tchain"
160,"ZT1b",3.755958397,"Paul",2024,"tchain"
160,"ZT2",2.5,"Paul",2024,"tchain"
161,"ZT1a",2.577725228,"Paul",2024,"tchain"
161,"ZT1b",3.735372691,"Paul",2024,"tchain"
161,"ZT2",2.5,"Paul",2024,"tchain"
162,"ZT1a",2.942224418,"Paul",2024,"tchain"
162,"ZT1b",3.819218673,"Paul",2024,"tchain"
162,"ZT2",3,"Paul",2024,"tchain"
163,"ZT1a",2.909019133,"Paul",2024,"tchain"
163,"ZT1b",3.887146252,"Paul",2024,"tchain"
163,"ZT2",2.5,"Paul",2024,"tchain"
164,"ZT1a",2.990991378,"Paul",2024,"tchain"
164,"ZT1b",3.924991019,"Paul",2024,"tchain"
164,"ZT2",3,"Paul",2024,"tchain"
165,"ZT1a",2.986992066,"Paul",2024,"tchain"
165,"ZT1b",4.02053203,"Paul",2024,"tchain"
165,"ZT2",3,"Paul",2024,"tchain"
166,"ZT1a",2.955937272,"Paul",2024,"tchain"
166,"ZT1b",4.077269344,"Paul",2024,"tchain"
166,"ZT2",3,"Paul",2024,"tchain"
167,"ZT1a",2.934775553,"Paul",2024,"tchain"
167,"ZT1b",4.114484661,"Paul",2024,"tchain"
167,"ZT2",3,"Paul",2024,"tchain"
168,"ZT1a",2.947687032,"Paul",2024,"tchain"
168,"ZT1b",4.139003171,"Paul",2024,"tchain"
168,"ZT2",3,"Paul",2024,"tchain"
169,"ZT1a",2.95688766,"Paul",2024,"tchain"
169,"ZT1b",4.167308352,"Paul",2024,"tchain"
169,"ZT2",3,"Paul",2024,"tchain"
170,"ZT1a",2.886323944,"Paul",2024,"tchain"
170,"ZT1b",2.886323944,"Paul",2024,"tchain"
170,"ZT2",2.5,"Paul",2024,"tchain"
171,"ZT1a",2.850601335,"Paul",2024,"tchain"
171,"ZT1b",2.850601335,"Paul",2024,"tchain"
171,"ZT2",2.5,"Paul",2024,"tchain"
172,"ZT1a",2.791654054,"Paul",2024,"tchain"
172,"ZT1b",2.791654054,"Paul",2024,"tchain"
172,"ZT2",2.5,"Paul",2024,"tchain"
173,"ZT1a",2.736094021,"Paul",2024,"tchain"
173,"ZT1b",2.736094021,"Paul",2024,"tchain"
173,"ZT2",2.5,"Paul",2024,"tchain"
174,"ZT1a",2.717311603,"Paul",2024,"tchain"
174,"ZT1b",2.717311603,"Paul",2024,"tchain"
174,"ZT2",2.5,"Paul",2024,"tchain"
175,"ZT1a",2.736576403,"Paul",2024,"tchain"
175,"ZT1b",2.736576403,"Paul",2024,"tchain"
175,"ZT2",2.5,"Paul",2024,"tchain"
176,"ZT1a",2.727538676,"Paul",2024,"tchain"
176,"ZT1b",2.727538676,"Paul",2024,"tchain"
176,"ZT2",2.5,"Paul",2024,"tchain"
177,"ZT1a",2.707671469,"Paul",2024,"tchain"
177,"ZT1b",2.707671469,"Paul",2024,"tchain"
177,"ZT2",2.5,"Paul",2024,"tchain"
178,"ZT1a",2.692658835,"Paul",2024,"tchain"
178,"ZT1b",2.692658835,"Paul",2024,"tchain"
178,"ZT2",2.5,"Paul",2024,"tchain"
179,"ZT1a",2.667619033,"Paul",2024,"tchain"
179,"ZT1b",2.667619033,"Paul",2024,"tchain"
179,"ZT2",2.5,"Paul",2024,"tchain"
180,"ZT1a",2.680550359,"Paul",2024,"tchain"
180,"ZT1b",2.680550359,"Paul",2024,"tchain"
180,"ZT2",2.5,"Paul",2024,"tchain"
181,"ZT1a",2.708771013,"Paul",2024,"tchain"
181,"ZT1b",2.708771013,"Paul",2024,"tchain"
181,"ZT2",2.5,"Paul",2024,"tchain"
182,"ZT1a",2.949216509,"Paul",2024,"tchain"
182,"ZT1b",2.949216509,"Paul",2024,"tchain"
182,"ZT2",3,"Paul",2024,"tchain"
183,"ZT1a",2.937694978,"Paul",2024,"tchain"
183,"ZT1b",2.937694978,"Paul",2024,"tchain"
183,"ZT2",3,"Paul",2024,"tchain"
184,"ZT1a",2.958957695,"Paul",2024,"tchain"
184,"ZT1b",2.958957695,"Paul",2024,"tchain"
184,"ZT2",3,"Paul",2024,"tchain"
185,"ZT1a",2.996129683,"Paul",2024,"tchain"
185,"ZT1b",2.996129683,"Paul",2024,"tchain"
185,"ZT2",3,"Paul",2024,"tchain"
186,"ZT1a",2.977166916,"Paul",2024,"tchain"
186,"ZT1b",2.977166916,"Paul",2024,"tchain"
186,"ZT2",3,"Paul",2024,"tchain"
187,"ZT1a",2.97843637,"Paul",2024,"tchain"
187,"ZT1b",2.97843637,"Paul",2024,"tchain"
187,"ZT2",3,"Paul",2024,"tchain"
188,"ZT1a",2.960768576,"Paul",2024,"tchain"
188,"ZT1b",2.960768576,"Paul",2024,"tchain"
188,"ZT2",3,"Paul",2024,"tchain"
189,"ZT1a",2.950939307,"Paul",2024,"tchain"
189,"ZT1b",2.950939307,"Paul",2024,"tchain"
189,"ZT2",2.5,"Paul",2024,"tchain"
190,"ZT1a",2.967924164,"Paul",2024,"tchain"
190,"ZT1b",2.967924164,"Paul",2024,"tchain"
190,"ZT2",2.5,"Paul",2024,"tchain"
191,"ZT1a",2.926065264,"Paul",2024,"tchain"
191,"ZT1b",2.926065264,"Paul",2024,"tchain"
191,"ZT2",2.5,"Paul",2024,"tchain"
192,"ZT1a",2.875983163,"Paul",2024,"tchain"
192,"ZT1b",2.875983163,"Paul",2024,"tchain"
192,"ZT2",2.5,"Paul",2024,"tchain"
193,"ZT1a",2.828381191,"Paul",2024,"tchain"
193,"ZT1b",2.828381191,"Paul",2024,"tchain"
193,"ZT2",2.5,"Paul",2024,"tchain"
194,"ZT1a",2.764442231,"Paul",2024,"tchain"
194,"ZT1b",2.764442231,"Paul",2024,"tchain"
194,"ZT2",2.5,"Paul",2024,"tchain"
195,"ZT1a",2.719247636,"Paul",2024,"tchain"
195,"ZT1b",2.719247636,"Paul",2024,"tchain"
195,"ZT2",2.5,"Paul",2024,"tchain"
196,"ZT1a",2.651466974,"Paul",2024,"tchain"
196,"ZT1b",2.651466974,"Paul",2024,"tchain"
196,"ZT2",2,"Paul",2024,"tchain"
197,"ZT1a",2.595864887,"Paul",2024,"tchain"
197,"ZT1b",2.595864887,"Paul",2024,"tchain"
197,"ZT2",2,"Paul",2024,"tchain"
198,"ZT1a",2.54197495,"Paul",2024,"tchain"
198,"ZT1b",2.54197495,"Paul",2024,"tchain"
198,"ZT2",2,"Paul",2024,"tchain"
199,"ZT1a",2.62846433,"Paul",2024,"tchain"
199,"ZT1b",2.62846433,"Paul",2024,"tchain"
199,"ZT2",2.5,"Paul",2024,"tchain"
200,"ZT1a",2.976951587,"Paul",2024,"tchain"
200,"ZT1b",2.976951587,"Paul",2024,"tchain"
200,"ZT2",3,"Paul",2024,"tchain"
201,"ZT1a",2.975190348,"Paul",2024,"tchain"
201,"ZT1b",2.975190348,"Paul",2024,"tchain"
201,"ZT2",3,"Paul",2024,"tchain"
202,"ZT1a",2.957016811,"Paul",2024,"tchain"
202,"ZT1b",2.957016811,"Paul",2024,"tchain"
202,"ZT2",3,"Paul",2024,"tchain"
203,"ZT1a",2.927956164,"Paul",2024,"tchain"
203,"ZT1b",2.927956164,"Paul",2024,"tchain"
203,"ZT2",3,"Paul",2024,"tchain"
204,"ZT1a",2.905721514,"Paul",2024,"tchain"
204,"ZT1b",2.905721514,"Paul",2024,"tchain"
204,"ZT2",2.5,"Paul",2024,"tchain"
205,"ZT1a",2.948978584,"Paul",2024,"tchain"
205,"ZT1b",2.948978584,"Paul",2024,"tchain"
205,"ZT2",2.5,"Paul",2024,"tchain"
206,"ZT1a",3.036190449,"Paul",2024,"tchain"
206,"ZT1b",3.036190449,"Paul",2024,"tchain"
206,"ZT2",3,"Paul",2024,"tchain"
207,"ZT1a",3.069259265,"Paul",2024,"tchain"
207,"ZT1b",3.069259265,"Paul",2024,"tchain"
207,"ZT2",3,"Paul",2024,"tchain"
208,"ZT1a",3.063771471,"Paul",2024,"tchain"
208,"ZT1b",3.063771471,"Paul",2024,"tchain"
208,"ZT2",3,"Paul",2024,"tchain"
209,"ZT1a",3.05649592,"Paul",2024,"tchain"
209,"ZT1b",3.05649592,"Paul",2024,"tchain"
209,"ZT2",3,"Paul",2024,"tchain"
210,"ZT1a",3.046835707,"Paul",2024,"tchain"
210,"ZT1b",3.046835707,"Paul",2024,"tchain"
210,"ZT2",3,"Paul",2024,"tchain"
211,"ZT1a",3.03118156,"Paul",2024,"tchain"
211,"ZT1b",3.03118156,"Paul",2024,"tchain"
211,"ZT2",3,"Paul",2024,"tchain"
212,"ZT1a",3.021178018,"Paul",2024,"tchain"
212,"ZT1b",3.021178018,"Paul",2024,"tchain"
212,"ZT2",3,"Paul",2024,"tchain"
213,"ZT1a",2.971964598,"Paul",2024,"tchain"
213,"ZT1b",2.971964598,"Paul",2024,"tchain"
213,"ZT2",3,"Paul",2024,"tchain"
214,"ZT1a",2.959416235,"Paul",2024,"tchain"
214,"ZT1b",2.959416235,"Paul",2024,"tchain"
214,"ZT2",2.5,"Paul",2024,"tchain"
215,"ZT1a",2.891718245,"Paul",2024,"tchain"
215,"ZT1b",2.891718245,"Paul",2024,"tchain"
215,"ZT2",2.5,"Paul",2024,"tchain"
216,"ZT1a",2.848699425,"Paul",2024,"tchain"
216,"ZT1b",2.848699425,"Paul",2024,"tchain"
216,"ZT2",2.5,"Paul",2024,"tchain"
217,"ZT1a",2.836071318,"Paul",2024,"tchain"
217,"ZT1b",2.836071318,"Paul",2024,"tchain"
217,"ZT2",2.5,"Paul",2024,"tchain"
218,"ZT1a",3.001252354,"Paul",2024,"tchain"
218,"ZT1b",3.001252354,"Paul",2024,"tchain"
218,"ZT2",3,"Paul",2024,"tchain"
219,"ZT1a",3.124873829,"Paul",2024,"tchain"
219,"ZT1b",3.124873829,"Paul",2024,"tchain"
219,"ZT2",3,"Paul",2024,"tchain"
220,"ZT1a",3.178869847,"Paul",2024,"tchain"
220,"ZT1b",3.178869847,"Paul",2024,"tchain"
220,"ZT2",3,"Paul",2024,"tchain"
221,"ZT1a",3.276273081,"Paul",2024,"tchain"
221,"ZT1b",3.276273081,"Paul",2024,"tchain"
221,"ZT2",3,"Paul",2024,"tchain"
222,"ZT1a",3.486863971,"Paul",2024,"tchain"
222,"ZT1b",3.486863971,"Paul",2024,"tchain"
222,"ZT2",3.5,"Paul",2024,"tchain"
223,"ZT1a",3.654100425,"Paul",2024,"tchain"
223,"ZT1b",3.654100425,"Paul",2024,"tchain"
223,"ZT2",3.5,"Paul",2024,"tchain"
224,"ZT1a",3.924527791,"Paul",2024,"tchain"
224,"ZT1b",3.924527791,"Paul",2024,"tchain"
224,"ZT2",4,"Paul",2024,"tchain"
225,"ZT1a",3.905120261,"Paul",2024,"tchain"
225,"ZT1b",3.905120261,"Paul",2024,"tchain"
225,"ZT2",4,"Paul",2024,"tchain"
226,"ZT1a",3.891637095,"Paul",2024,"tchain"
226,"ZT1b",3.891637095,"Paul",2024,"tchain"
226,"ZT2",4,"Paul",2024,"tchain"
227,"ZT1a",3.887477188,"Paul",2024,"tchain"
227,"ZT1b",3.887477188,"Paul",2024,"tchain"
227,"ZT2",4,"Paul",2024,"tchain"
228,"ZT1a",3.892827042,"Paul",2024,"tchain"
228,"ZT1b",3.892827042,"Paul",2024,"tchain"
228,"ZT2",4,"Paul",2024,"tchain"
229,"ZT1a",3.900537114,"Paul",2024,"tchain"
229,"ZT1b",3.900537114,"Paul",2024,"tchain"
229,"ZT2",4,"Paul",2024,"tchain"
230,"ZT1a",3.912529219,"Paul",2024,"tchain"
230,"ZT1b",3.912529219,"Paul",2024,"tchain"
230,"ZT2",4,"Paul",2024,"tchain"
231,"ZT1a",3.911028933,"Paul",2024,"tchain"
231,"ZT1b",3.911028933,"Paul",2024,"tchain"
231,"ZT2",4,"Paul",2024,"tchain"
232,"ZT1a",3.900420829,"Paul",2024,"tchain"
232,"ZT1b",3.900420829,"Paul",2024,"tchain"
232,"ZT2",4,"Paul",2024,"tchain"
233,"ZT1a",3.833398336,"Paul",2024,"tchain"
233,"ZT1b",3.833398336,"Paul",2024,"tchain"
233,"ZT2",3.5,"Paul",2024,"tchain"
234,"ZT1a",3.827968155,"Paul",2024,"tchain"
234,"ZT1b",3.827968155,"Paul",2024,"tchain"
234,"ZT2",3.5,"Paul",2024,"tchain"
235,"ZT1a",3.828463762,"Paul",2024,"tchain"
235,"ZT1b",3.828463762,"Paul",2024,"tchain"
235,"ZT2",3.5,"Paul",2024,"tchain"
236,"ZT1a",3.837117359,"Paul",2024,"tchain"
236,"ZT1b",3.837117359,"Paul",2024,"tchain"
236,"ZT2",3.5,"Paul",2024,"tchain"
237,"ZT1a",3.859220304,"Paul",2024,"tchain"
237,"ZT1b",3.859220304,"Paul",2024,"tchain"
237,"ZT2",3.5,"Paul",2024,"tchain"
238,"ZT1a",3.859229321,"Paul",2024,"tchain"
238,"ZT1b",3.859229321,"Paul",2024,"tchain"
238,"ZT2",3.5,"Paul",2024,"tchain"
239,"ZT1a",3.871690705,"Paul",2024,"tchain"
239,"ZT1b",3.871690705,"Paul",2024,"tchain"
239,"ZT2",3.5,"Paul",2024,"tchain"
149,"ZT1a",2.65,"Paul",2018,"routines"
149,"ZT1b",2.65,"Paul",2018,"routines"
149,"ZT2",1,"Paul",2018,"routines"
156,"ZT1a",0,"Paul",2018,"routines"
156,"ZT1b",0,"Paul",2018,"routines"
156,"ZT2",1.5,"Paul",2018,"routines"
163,"ZT1a",1.82692307692308,"Paul",2018,"routines"
163,"ZT1b",3.17105263157895,"Paul",2018,"routines"
163,"ZT2",2,"Paul",2018,"routines"
170,"ZT1a",1.70833333333333,"Paul",2018,"routines"
170,"ZT1b",3.58333333333333,"Paul",2018,"routines"
170,"ZT2",1.5,"Paul",2018,"routines"
177,"ZT1a",1.89285714285714,"Paul",2018,"routines"
177,"ZT1b",3.86111111111111,"Paul",2018,"routines"
177,"ZT2",2,"Paul",2018,"routines"
184,"ZT1a",1.825,"Paul",2018,"routines"
184,"ZT1b",4,"Paul",2018,"routines"
184,"ZT2",2,"Paul",2018,"routines"
191,"ZT1a",1.96739130434783,"Paul",2018,"routines"
191,"ZT1b",4.32142857142857,"Paul",2018,"routines"
191,"ZT2",2,"Paul",2018,"routines"
198,"ZT1a",2.04310344827586,"Paul",2018,"routines"
198,"ZT1b",4.1875,"Paul",2018,"routines"
198,"ZT2",2,"Paul",2018,"routines"
205,"ZT1a",0,"Paul",2018,"routines"
205,"ZT1b",0,"Paul",2018,"routines"
205,"ZT2",2.5,"Paul",2018,"routines"
212,"ZT1a",2.71666666666667,"Paul",2018,"routines"
212,"ZT1b",4.45,"Paul",2018,"routines"
212,"ZT2",2.5,"Paul",2018,"routines"
219,"ZT1a",0,"Paul",2018,"routines"
219,"ZT1b",0,"Paul",2018,"routines"
219,"ZT2",2.5,"Paul",2018,"routines"
226,"ZT1a",0,"Paul",2018,"routines"
226,"ZT1b",0,"Paul",2018,"routines"
226,"ZT2",3,"Paul",2018,"routines"
233,"ZT1a",2.67857142857143,"Paul",2018,"routines"
233,"ZT1b",4.66666666666667,"Paul",2018,"routines"
233,"ZT2",2.5,"Paul",2018,"routines"
135,"ZT1a",0,"Paul",2019,"routines"
135,"ZT1b",0,"Paul",2019,"routines"
135,"ZT2",6,"Paul",2019,"routines"
141,"ZT1a",0,"Paul",2019,"routines"
141,"ZT1b",0,"Paul",2019,"routines"
141,"ZT2",2.5,"Paul",2019,"routines"
148,"ZT1a",0,"Paul",2019,"routines"
148,"ZT1b",0,"Paul",2019,"routines"
148,"ZT2",1.5,"Paul",2019,"routines"
155,"ZT1a",1.65,"Paul",2019,"routines"
155,"ZT1b",2.15,"Paul",2019,"routines"
155,"ZT2",1.5,"Paul",2019,"routines"
162,"ZT1a",1.50925925925926,"Paul",2019,"routines"
162,"ZT1b",2.9375,"Paul",2019,"routines"
162,"ZT2",1.5,"Paul",2019,"routines"
169,"ZT1a",1.9375,"Paul",2019,"routines"
169,"ZT1b",3.375,"Paul",2019,"routines"
169,"ZT2",2,"Paul",2019,"routines"
176,"ZT1a",0,"Paul",2019,"routines"
176,"ZT1b",0,"Paul",2019,"routines"
176,"ZT2",2,"Paul",2019,"routines"
183,"ZT1a",1.72222222222222,"Paul",2019,"routines"
183,"ZT1b",3.5625,"Paul",2019,"routines"
183,"ZT2",1.5,"Paul",2019,"routines"
190,"ZT1a",0,"Paul",2019,"routines"
190,"ZT1b",0,"Paul",2019,"routines"
190,"ZT2",1.5,"Paul",2019,"routines"
197,"ZT1a",1.78333333333333,"Paul",2019,"routines"
197,"ZT1b",4.08333333333333,"Paul",2019,"routines"
197,"ZT2",1.5,"Paul",2019,"routines"
204,"ZT1a",0,"Paul",2019,"routines"
204,"ZT1b",0,"Paul",2019,"routines"
204,"ZT2",2,"Paul",2019,"routines"
211,"ZT1a",0,"Paul",2019,"routines"
211,"ZT1b",0,"Paul",2019,"routines"
211,"ZT2",2.5,"Paul",2019,"routines"
218,"ZT1a",2.33333333333333,"Paul",2019,"routines"
218,"ZT1b",4.47727272727273,"Paul",2019,"routines"
218,"ZT2",2,"Paul",2019,"routines"
225,"ZT1a",2.54166666666667,"Paul",2019,"routines"
225,"ZT1b",4.375,"Paul",2019,"routines"
225,"ZT2",2.5,"Paul",2019,"routines"
232,"ZT1a",0,"Paul",2019,"routines"
232,"ZT1b",0,"Paul",2019,"routines"
232,"ZT2",3,"Paul",2019,"routines"
239,"ZT1a",0,"Paul",2019,"routines"
239,"ZT1b",0,"Paul",2019,"routines"
239,"ZT2",3,"Paul",2019,"routines"
246,"ZT1a",3.8125,"Paul",2019,"routines"
246,"ZT1b",4.85,"Paul",2019,"routines"
246,"ZT2",3.5,"Paul",2019,"routines"
142,"ZT1a",2.25,"Paul",2024,"routines"
142,"ZT1b",2.25,"Paul",2024,"routines"
142,"ZT2",2,"Paul",2024,"routines"
149,"ZT1a",2.25,"Paul",2024,"routines"
149,"ZT1b",2.91666666666667,"Paul",2024,"routines"
149,"ZT2",2,"Paul",2024,"routines"
156,"ZT1a",0,"Paul",2024,"routines"
156,"ZT1b",0,"Paul",2024,"routines"
156,"ZT2",2,"Paul",2024,"routines"
163,"ZT1a",2.575,"Paul",2024,"routines"
163,"ZT1b",3.45,"Paul",2024,"routines"
163,"ZT2",2.5,"Paul",2024,"routines"
170,"ZT1a",0,"Paul",2024,"routines"
170,"ZT1b",0,"Paul",2024,"routines"
170,"ZT2",2,"Paul",2024,"routines"
177,"ZT1a",0,"Paul",2024,"routines"
177,"ZT1b",0,"Paul",2024,"routines"
177,"ZT2",2.5,"Paul",2024,"routines"
184,"ZT1a",0,"Paul",2024,"routines"
184,"ZT1b",0,"Paul",2024,"routines"
184,"ZT2",2.5,"Paul",2024,"routines"
191,"ZT1a",0,"Paul",2024,"routines"
191,"ZT1b",0,"Paul",2024,"routines"
191,"ZT2",3,"Paul",2024,"routines"
198,"ZT1a",0,"Paul",2024,"routines"
198,"ZT1b",0,"Paul",2024,"routines"
198,"ZT2",2.5,"Paul",2024,"routines"
206,"ZT1a",0,"Paul",2024,"routines"
206,"ZT1b",0,"Paul",2024,"routines"
206,"ZT2",2.5,"Paul",2024,"routines"
212,"ZT1a",2.95588235294118,"Paul",2024,"routines"
212,"ZT1b",4.7,"Paul",2024,"routines"
212,"ZT2",3,"Paul",2024,"routines"
219,"ZT1a",0,"Paul",2024,"routines"
219,"ZT1b",0,"Paul",2024,"routines"
219,"ZT2",3,"Paul",2024,"routines"
226,"ZT1a",0,"Paul",2024,"routines"
226,"ZT1b",0,"Paul",2024,"routines"
226,"ZT2",3.5,"Paul",2024,"routines"
233,"ZT1a",0,"Paul",2024,"routines"
233,"ZT1b",0,"Paul",2024,"routines"
233,"ZT2",3.5,"Paul",2024,"routines"
148,"ZT1a",2.69444444444444,"Peter",2018,"routines"
148,"ZT1b",2.69444444444444,"Peter",2018,"routines"
148,"ZT2",1,"Peter",2018,"routines"
155,"ZT1a",1.46590909090909,"Peter",2018,"routines"
155,"ZT1b",3.0625,"Peter",2018,"routines"
155,"ZT2",1.5,"Peter",2018,"routines"
162,"ZT1a",0,"Peter",2018,"routines"
162,"ZT1b",0,"Peter",2018,"routines"
162,"ZT2",1.5,"Peter",2018,"routines"
169,"ZT1a",0,"Peter",2018,"routines"
169,"ZT1b",0,"Peter",2018,"routines"
169,"ZT2",2,"Peter",2018,"routines"
176,"ZT1a",1.55645161290323,"Peter",2018,"routines"
176,"ZT1b",3.83333333333333,"Peter",2018,"routines"
176,"ZT2",1.5,"Peter",2018,"routines"
183,"ZT1a",1.52941176470588,"Peter",2018,"routines"
183,"ZT1b",3.83333333333333,"Peter",2018,"routines"
183,"ZT2",1.5,"Peter",2018,"routines"
190,"ZT1a",1.58333333333333,"Peter",2018,"routines"
190,"ZT1b",3.95,"Peter",2018,"routines"
190,"ZT2",1.5,"Peter",2018,"routines"
197,"ZT1a",1.828125,"Peter",2018,"routines"
197,"ZT1b",4.13888888888889,"Peter",2018,"routines"
197,"ZT2",2,"Peter",2018,"routines"
204,"ZT1a",2.13,"Peter",2018,"routines"
204,"ZT1b",4.16666666666667,"Peter",2018,"routines"
204,"ZT2",2,"Peter",2018,"routines"
211,"ZT1a",0,"Peter",2018,"routines"
211,"ZT1b",0,"Peter",2018,"routines"
211,"ZT2",2,"Peter",2018,"routines"
218,"ZT1a",2.38636363636364,"Peter",2018,"routines"
218,"ZT1b",4.2,"Peter",2018,"routines"
218,"ZT2",2.5,"Peter",2018,"routines"
225,"ZT1a",2.32142857142857,"Peter",2018,"routines"
225,"ZT1b",4.45,"Peter",2018,"routines"
225,"ZT2",1.5,"Peter",2018,"routines"
232,"ZT1a",2.18181818181818,"Peter",2018,"routines"
232,"ZT1b",4.5,"Peter",2018,"routines"
232,"ZT2",2,"Peter",2018,"routines"
134,"ZT1a",0,"Peter",2019,"routines"
134,"ZT1b",0,"Peter",2019,"routines"
134,"ZT2",3.5,"Peter",2019,"routines"
140,"ZT1a",2.22222222222222,"Peter",2019,"routines"
140,"ZT1b",2.33333333333333,"Peter",2019,"routines"
140,"ZT2",2,"Peter",2019,"routines"
147,"ZT1a",2,"Peter",2019,"routines"
147,"ZT1b",2.35,"Peter",2019,"routines"
147,"ZT2",1.5,"Peter",2019,"routines"
154,"ZT1a",1.15909090909091,"Peter",2019,"routines"
154,"ZT1b",2.83333333333333,"Peter",2019,"routines"
154,"ZT2",1,"Peter",2019,"routines"
161,"ZT1a",1.03571428571429,"Peter",2019,"routines"
161,"ZT1b",3,"Peter",2019,"routines"
161,"ZT2",1,"Peter",2019,"routines"
168,"ZT1a",0,"Peter",2019,"routines"
168,"ZT1b",0,"Peter",2019,"routines"
168,"ZT2",1.5,"Peter",2019,"routines"
175,"ZT1a",1.49,"Peter",2019,"routines"
175,"ZT1b",3.375,"Peter",2019,"routines"
175,"ZT2",1.5,"Peter",2019,"routines"
182,"ZT1a",1.17105263157895,"Peter",2019,"routines"
182,"ZT1b",3.20454545454545,"Peter",2019,"routines"
182,"ZT2",1,"Peter",2019,"routines"
189,"ZT1a",1.43181818181818,"Peter",2019,"routines"
189,"ZT1b",3.58333333333333,"Peter",2019,"routines"
189,"ZT2",1.5,"Peter",2019,"routines"
196,"ZT1a",1.5,"Peter",2019,"routines"
196,"ZT1b",3.70454545454545,"Peter",2019,"routines"
196,"ZT2",2,"Peter",2019,"routines"
203,"ZT1a",1.78571428571429,"Peter",2019,"routines"
203,"ZT1b",3.875,"Peter",2019,"routines"
203,"ZT2",2,"Peter",2019,"routines"
210,"ZT1a",1.67857142857143,"Peter",2019,"routines"
210,"ZT1b",4.08333333333333,"Peter",2019,"routines"
210,"ZT2",1.5,"Peter",2019,"routines"
217,"ZT1a",1.625,"Peter",2019,"routines"
217,"ZT1b",3.7,"Peter",2019,"routines"
217,"ZT2",2,"Peter",2019,"routines"
224,"ZT1a",1.80555555555556,"Peter",2019,"routines"
224,"ZT1b",3.9375,"Peter",2019,"routines"
224,"ZT2",1.5,"Peter",2019,"routines"
231,"ZT1a",2.34259259259259,"Peter",2019,"routines"
231,"ZT1b",4.08333333333333,"Peter",2019,"routines"
231,"ZT2",2.5,"Peter",2019,"routines"
238,"ZT1a",2.50714285714286,"Peter",2019,"routines"
238,"ZT1b",4.17857142857143,"Peter",2019,"routines"
238,"ZT2",2.5,"Peter",2019,"routines"
245,"ZT1a",3,"Peter",2019,"routines"
245,"ZT1b",4.17857142857143,"Peter",2019,"routines"
245,"ZT2",3,"Peter",2019,"routines"
134,"ZT1a",1.35,"Peter",2024,"routines"
134,"ZT1b",2.125,"Peter",2024,"routines"
134,"ZT2",1.5,"Peter",2024,"routines"
141,"ZT1a",0,"Peter",2024,"routines"
141,"ZT1b",0,"Peter",2024,"routines"
141,"ZT2",1,"Peter",2024,"routines"
148,"ZT1a",0,"Peter",2024,"routines"
148,"ZT1b",0,"Peter",2024,"routines"
148,"ZT2",1.5,"Peter",2024,"routines"
155,"ZT1a",1.55,"Peter",2024,"routines"
155,"ZT1b",3.20454545454545,"Peter",2024,"routines"
155,"ZT2",1.5,"Peter",2024,"routines"
162,"ZT1a",1.98214285714286,"Peter",2024,"routines"
162,"ZT1b",3.52777777777778,"Peter",2024,"routines"
162,"ZT2",2,"Peter",2024,"routines"
169,"ZT1a",1.82692307692308,"Peter",2024,"routines"
169,"ZT1b",3.5625,"Peter",2024,"routines"
169,"ZT2",1.5,"Peter",2024,"routines"
176,"ZT1a",1.89285714285714,"Peter",2024,"routines"
176,"ZT1b",3.17857142857143,"Peter",2024,"routines"
176,"ZT2",2,"Peter",2024,"routines"
183,"ZT1a",1.725,"Peter",2024,"routines"
183,"ZT1b",3.54166666666667,"Peter",2024,"routines"
183,"ZT2",1.5,"Peter",2024,"routines"
190,"ZT1a",1.7,"Peter",2024,"routines"
190,"ZT1b",3.53571428571429,"Peter",2024,"routines"
190,"ZT2",1.5,"Peter",2024,"routines"
197,"ZT1a",1.28846153846154,"Peter",2024,"routines"
197,"ZT1b",3.6,"Peter",2024,"routines"
197,"ZT2",1.5,"Peter",2024,"routines"
205,"ZT1a",0,"Peter",2024,"routines"
205,"ZT1b",0,"Peter",2024,"routines"
205,"ZT2",1.5,"Peter",2024,"routines"
211,"ZT1a",0,"Peter",2024,"routines"
211,"ZT1b",0,"Peter",2024,"routines"
211,"ZT2",1,"Peter",2024,"routines"
218,"ZT1a",1.48913043478261,"Peter",2024,"routines"
218,"ZT1b",3.58333333333333,"Peter",2024,"routines"
218,"ZT2",1.5,"Peter",2024,"routines"
225,"ZT1a",0,"Peter",2024,"routines"
225,"ZT1b",0,"Peter",2024,"routines"
225,"ZT2",2,"Peter",2024,"routines"
232,"ZT1a",0,"Peter",2024,"routines"
232,"ZT1b",0,"Peter",2024,"routines"
232,"ZT2",1.5,"Peter",2024,"routines"
